Video Name,Normal mIoU person,Overwritten mIoU person,Normal mIoU car,Overwritten mIoU car,Normal mIoU truck,Overwritten mIoU truck,Normal mIoU bus,Overwritten mIoU bus,Normal mIoU motorcycle,Overwritten mIoU motorcycle,Normal Accuracy person,Overwritten Accuracy person,Normal Accuracy car,Overwritten Accuracy car,Normal Accuracy truck,Overwritten Accuracy truck,Normal Accuracy bus,Overwritten Accuracy bus,Normal Accuracy motorcycle,Overwritten Accuracy motorcycle,Normal Precision person,Overwritten Precision person,Normal Precision car,Overwritten Precision car,Normal Precision truck,Overwritten Precision truck,Normal Precision bus,Overwritten Precision bus,Normal Precision motorcycle,Overwritten Precision motorcycle,Normal Recall person,Overwritten Recall person,Normal Recall car,Overwritten Recall car,Normal Recall truck,Overwritten Recall truck,Normal Recall bus,Overwritten Recall bus,Normal Recall motorcycle,Overwritten Recall motorcycle,Normal F1 Score person,Overwritten F1 Score person,Normal F1 Score car,Overwritten F1 Score car,Normal F1 Score truck,Overwritten F1 Score truck,Normal F1 Score bus,Overwritten F1 Score bus,Normal F1 Score motorcycle,Overwritten F1 Score motorcycle
176_lASz-Slu2gI,0.678071732183928,0.6753674792610598,0.0,0.0,0.0,0.0,0.3408193099356272,0.7259124543966818,0.0,0.0,0.9760638306820628,0.9756694906510192,0.0,0.0,0.0,0.0,0.6880069455926657,0.8652635834619343,0.0,0.0,0.6858664774276408,0.6830279548889343,0.0,0.0,0.0,0.0,0.9028987171095896,0.8947430402894995,0.0,0.0,0.9836207079699136,0.9850737515089744,0.0,0.0,0.0,0.0,0.3543128004512927,0.7949334279801042,0.0,0.0,0.8043152823310603,0.8028289865903117,0.0,0.0,0.0,0.0,0.4549264415808833,0.8403567612586688,0.0,0.0
4_X9nPISgpz9Q,0.0,0.0,0.865470355129687,0.7730274512235146,0.0,0.0,0.0,0.0,0.0,0.0,0.0,0.0,0.9953623756858712,0.9894883723422496,0.0,0.0,0.0,0.0,0.0,0.0,0.0,0.0,0.8994266034751817,0.7823760275402344,0.0,0.0,0.0,0.0,0.0,0.0,0.0,0.0,0.9580617956527724,0.9853514448823808,0.0,0.0,0.0,0.0,0.0,0.0,0.0,0.0,0.9272884094890772,0.871765120200647,0.0,0.0,0.0,0.0,0.0,0.0
2381_zHtCNhABlLw,0.0,0.0,0.1727064306429615,0.2919743278504363,0.0,0.0,0.1691497513342786,0.2641365576129125,0.0,0.0,0.0,0.0,0.8961544814987561,0.9101928832400492,0.0,0.0,0.9444744001116072,0.9576264480064656,0.0,0.0,0.0,0.0,0.560259650599328,0.7032096142716776,0.0,0.0,0.9984574347565782,0.9467403332150944,0.0,0.0,0.0,0.0,0.2026235402853371,0.338915312838561,0.0,0.0,0.1696186022382731,0.2683052807256997,0.0,0.0,0.0,0.0,0.2711587213191614,0.4357451190072812,0.0,0.0,0.2431790312099269,0.4002848715535503,0.0,0.0
176_lASz-Slu2gI,0.678071732183928,0.6753674792610598,0.0,0.0,0.0,0.0,0.3408193099356272,0.7259124543966818,0.0,0.0,0.9760638306820628,0.9756694906510192,0.0,0.0,0.0,0.0,0.6880069455926657,0.8652635834619343,0.0,0.0,0.6858664774276408,0.6830279548889343,0.0,0.0,0.0,0.0,0.9028987171095896,0.8947430402894995,0.0,0.0,0.9836207079699136,0.9850737515089744,0.0,0.0,0.0,0.0,0.3543128004512927,0.7949334279801042,0.0,0.0,0.8043152823310603,0.8028289865903117,0.0,0.0,0.0,0.0,0.4549264415808833,0.8403567612586688,0.0,0.0
256_n9wyO4WIGxg,0.0,0.0,0.0,0.0,0.4022914267898213,0.3915603805484676,0.0,0.0,0.0,0.0,0.0,0.0,0.0,0.0,0.7430198019801978,0.7275674032246972,0.0,0.0,0.0,0.0,0.0,0.0,0.0,0.0,0.4066986345978812,0.3929448483195201,0.0,0.0,0.0,0.0,0.0,0.0,0.0,0.0,0.9740653966390502,0.983967590785353,0.0,0.0,0.0,0.0,0.0,0.0,0.0,0.0,0.557458963530785,0.5455940232612086,0.0,0.0,0.0,0.0
1938_jR4wNlLJW1w,0.1871194820841722,0.1808990439363913,0.0,0.0,0.0,0.0,0.0,0.0,0.0,0.0,0.8189413551879086,0.8081518075980392,0.0,0.0,0.0,0.0,0.0,0.0,0.0,0.0,0.1886762416366265,0.1817126896081391,0.0,0.0,0.0,0.0,0.0,0.0,0.0,0.0,0.9604312696970388,0.9762963256543544,0.0,0.0,0.0,0.0,0.0,0.0,0.0,0.0,0.3149300655051166,0.3060254064597383,0.0,0.0,0.0,0.0,0.0,0.0,0.0,0.0
248_3N9qCBRVviA,0.8217904495393991,0.6603554583299222,0.0020374852606608,0.0030527348389503,0.0,0.0,0.0,0.0,0.0,0.0,0.9908393868786548,0.971818938078704,0.8518763515777289,0.8632558048042555,0.0,0.0,0.0,0.0,0.0,0.0,0.8737835206857171,0.6758873564095944,0.0021534660533377,0.0032412799958807,0.0,0.0,0.0,0.0,0.0,0.0,0.9332276362662464,0.9618781877107808,0.0409692477080916,0.0522976638406507,0.0,0.0,0.0,0.0,0.0,0.0,0.9010627838266524,0.7793835020948305,0.0040449025863132,0.0060567877928644,0.0,0.0,0.0,0.0,0.0,0.0
260_3lutQbIrdO8,0.3854754868976504,0.3436918032246249,0.4577516978624446,0.4748712515234263,0.604229418446489,0.7213107442643151,0.0,0.0,0.0,0.0,0.9911133937757204,0.9839995713305898,0.958252062727974,0.964531282880892,0.9540068694272976,0.9651878429355282,0.0,0.0,0.0,0.0,0.4122129053294597,0.3704591938810307,0.482123883386071,0.5125414951547187,0.8106588448771337,0.8217664762020255,0.0,0.0,0.0,0.0,0.4137368560124745,0.4103553676734516,0.7538349926740161,0.7506335062389144,0.7194436135366904,0.8592837844029652,0.0,0.0,0.0,0.0,0.4123443168942703,0.3871766732804411,0.5656409643192726,0.5833176148305189,0.7395102131322479,0.8301515591984645,0.0,0.0,0.0,0.0
2157_jS6kQVDQmgw,0.3329022481751335,0.3535921365859097,0.496570320199116,0.599904994245939,0.0,0.0,0.0,0.0,0.0,0.0,0.9099182098765431,0.9035434777949248,0.9451652922453704,0.9551115719307272,0.0,0.0,0.0,0.0,0.0,0.0,0.4919797753307143,0.4947085439095924,0.6928329023068989,0.7163828365100959,0.0,0.0,0.0,0.0,0.0,0.0,0.4912080526005042,0.5628779848494594,0.6776000451430363,0.8074333844147439,0.0,0.0,0.0,0.0,0.0,0.0,0.4867399806598795,0.5201043281886697,0.6412358776390136,0.741420935699235,0.0,0.0,0.0,0.0,0.0,0.0
74_8V3wV2iJE-4,0.321218399412543,0.3502781171634007,0.283648107610606,0.4459746993490207,0.0,0.0,0.0,0.0,0.0,0.0,0.7079295803326475,0.7494130765603566,0.5796367241083675,0.6639937092764061,0.0,0.0,0.0,0.0,0.0,0.0,0.3431539745596192,0.3752523081376803,0.8977512672909296,0.883078306050638,0.0,0.0,0.0,0.0,0.0,0.0,0.853525782113831,0.8453050039567719,0.2951838404201048,0.4771118944878019,0.0,0.0,0.0,0.0,0.0,0.0,0.4842459674463883,0.5171344638638705,0.4339958462490066,0.6138972964057191,0.0,0.0,0.0,0.0,0.0,0.0
855_awB7ML_VakM,0.3249160398469441,0.3194461420620365,0.0,0.0,0.0,0.0,0.0,0.0,0.0,0.0,0.9347848264739924,0.9326033085398514,0.0,0.0,0.0,0.0,0.0,0.0,0.0,0.0,0.3302998517600635,0.3240023717428695,0.0,0.0,0.0,0.0,0.0,0.0,0.0,0.0,0.9511626617646108,0.9572972583360768,0.0,0.0,0.0,0.0,0.0,0.0,0.0,0.0,0.4900675161772103,0.4837450397557399,0.0,0.0,0.0,0.0,0.0,0.0,0.0,0.0
406_4-bs4UzDbgw,0.058089526373927,0.057771220742032,0.0,0.0,0.0,0.0,0.0,0.0,0.0,0.0,0.9363079427083332,0.936112895447531,0.0,0.0,0.0,0.0,0.0,0.0,0.0,0.0,0.0695736644738981,0.0668211388232487,0.0,0.0,0.0,0.0,0.0,0.0,0.0,0.0,0.4856890343525674,0.4924560627187934,0.0,0.0,0.0,0.0,0.0,0.0,0.0,0.0,0.1050034901147201,0.1045616757075367,0.0,0.0,0.0,0.0,0.0,0.0,0.0,0.0
2069_i0SzUrNldmA,0.2339953419500126,0.2365105310506295,0.7177799146872975,0.7146644815692069,0.0,0.0,0.0,0.0,0.0,0.0,0.9551278961977026,0.95546622085048,0.9557895447530864,0.954302260159465,0.0,0.0,0.0,0.0,0.0,0.0,0.2930319894322799,0.2974187087865865,0.8019321942779168,0.780596484850828,0.0,0.0,0.0,0.0,0.0,0.0,0.5792283226267126,0.5842001681201331,0.8888562075298059,0.9127655111957904,0.0,0.0,0.0,0.0,0.0,0.0,0.3695654845597784,0.3731173441337987,0.8289597046468903,0.8271713654793749,0.0,0.0,0.0,0.0,0.0,0.0
220_uDkUZDyYVHM,0.0,0.0,0.743136773261967,0.7799817683281117,0.0,0.0,0.0,0.0,0.0,0.0,0.0,0.0,0.9041577024328252,0.9164933924235208,0.0,0.0,0.0,0.0,0.0,0.0,0.0,0.0,0.9686994578729594,0.9467458998815612,0.0,0.0,0.0,0.0,0.0,0.0,0.0,0.0,0.7637116144540522,0.8155157084946842,0.0,0.0,0.0,0.0,0.0,0.0,0.0,0.0,0.842181389861953,0.8707120367066221,0.0,0.0,0.0,0.0,0.0,0.0
958_bJgMjzVDbNo,0.8553838146322211,0.8168213974977495,0.894763033099768,0.8624982459787922,0.0,0.0,0.3961779646581796,0.8599231433556748,0.0,0.0,0.9929002754200962,0.9910141916366598,0.9971243596750684,0.9959471664951992,0.0,0.0,0.9944753689236108,0.9986587630744168,0.0,0.0,0.9447026646405458,0.8514086025981413,0.982781854261109,0.9424597418260996,0.0,0.0,0.7878158863911818,0.9444555717180666,0.0,0.0,0.8988915466087053,0.9558099359632146,0.908601757824345,0.9102869855162448,0.0,0.0,0.4051438075970809,0.9049308003428944,0.0,0.0,0.9122975265498804,0.8965362548977022,0.9433544355109968,0.924916192404215,0.0,0.0,0.4916203205020742,0.9237160304379178,0.0,0.0
76_GOC-s5SM0YU,0.0,0.0,0.619790724017674,0.6298675336120194,0.0,0.0,0.0,0.0,0.0,0.0,0.0,0.0,0.9691975844478738,0.9694071823559672,0.0,0.0,0.0,0.0,0.0,0.0,0.0,0.0,0.7372124689742503,0.7287545464390751,0.0,0.0,0.0,0.0,0.0,0.0,0.0,0.0,0.7954344223225263,0.8232214554635511,0.0,0.0,0.0,0.0,0.0,0.0,0.0,0.0,0.7644877160680155,0.7723962731006659,0.0,0.0,0.0,0.0,0.0,0.0
356_TKJ49EVZasE,0.5230078322880664,0.4745797925868626,0.1861684275652231,0.1293561998623592,0.0,0.0,0.0,0.0,0.0,0.0,0.9764763406990402,0.9711818879570052,0.955627608953738,0.9538707219541464,0.0,0.0,0.0,0.0,0.0,0.0,0.5551638245628068,0.4923980815860999,0.2649642144636169,0.1958504280496065,0.0,0.0,0.0,0.0,0.0,0.0,0.9073508068448684,0.9312741039992044,0.435176023708947,0.3138832258466483,0.0,0.0,0.0,0.0,0.0,0.0,0.6792415099081527,0.6370558578299639,0.3034953522071335,0.2164975406153773,0.0,0.0,0.0,0.0,0.0,0.0
1820_cvRF1EgG6vc,0.8768827186898208,0.8102171039421215,0.7676461061626976,0.7671096589689206,0.0156725601098726,0.0156679601001761,0.0,0.0,0.0,0.0,0.9968162615740744,0.9943886959876544,0.9955786313657408,0.9955755208333332,0.8277974232456139,0.8276709269919593,0.0,0.0,0.0,0.0,0.9409252761133734,0.8405436236014948,0.918448540270673,0.9133967067217346,0.0157244977917032,0.0157199817174229,0.0,0.0,0.0,0.0,0.9281233963869242,0.9584215870530954,0.8261678868507223,0.8308433671878214,0.8807181216933256,0.8807181216933256,0.0,0.0,0.0,0.0,0.9342585948215276,0.8948133846359364,0.8678785096008361,0.8673981013378593,0.0305164462741454,0.0305077971804448,0.0,0.0,0.0,0.0
475_l4b_-ZpnVNo,0.4606082528204794,0.451607028991483,0.8290577349214422,0.867641292099835,0.0,0.0,0.0,0.0,0.0,0.0,0.9969544875563392,0.9967435515873015,0.9974459505579296,0.9979974944037444,0.0,0.0,0.0,0.0,0.0,0.0,0.5777362821897769,0.5778217438771475,0.9463509960740962,0.9224964589092768,0.0,0.0,0.0,0.0,0.0,0.0,0.5034991887850113,0.4920988123513864,0.8643383630837778,0.9312386517461904,0.0,0.0,0.0,0.0,0.0,0.0,0.5220534524132766,0.5164097816185195,0.8988662109990823,0.9244360106651944,0.0,0.0,0.0,0.0,0.0,0.0
1936_gvKlIkjfP0Q,0.0022275471355185,0.0026662084521522,0.4218193012740263,0.4493550436390794,0.0,0.0,0.0,0.0,0.0,0.0,0.8327770242573302,0.8328175636574074,0.8945147026909722,0.8986370020736884,0.0,0.0,0.0,0.0,0.0,0.0,0.3141929022766608,0.3273672873778749,0.8902738879957479,0.8814484085194261,0.0,0.0,0.0,0.0,0.0,0.0,0.0022336716724656,0.0026738964840169,0.4676694445810765,0.4979438907342002,0.0,0.0,0.0,0.0,0.0,0.0,0.0044160212031304,0.0052866554243327,0.5710965386404863,0.604480068470356,0.0,0.0,0.0,0.0,0.0,0.0
2381_zHtCNhABlLw,0.0,0.0,0.1727064306429615,0.2919743278504363,0.0,0.0,0.1691497513342786,0.2641365576129125,0.0,0.0,0.0,0.0,0.8961544814987561,0.9101928832400492,0.0,0.0,0.9444744001116072,0.9576264480064656,0.0,0.0,0.0,0.0,0.560259650599328,0.7032096142716776,0.0,0.0,0.9984574347565782,0.9467403332150944,0.0,0.0,0.0,0.0,0.2026235402853371,0.338915312838561,0.0,0.0,0.1696186022382731,0.2683052807256997,0.0,0.0,0.0,0.0,0.2711587213191614,0.4357451190072812,0.0,0.0,0.2431790312099269,0.4002848715535503,0.0,0.0
72_-fdbOKD_P1g,0.0,0.0,0.0069361528360221,0.0011650060410873,0.0,0.0,0.0,0.0,0.0,0.0,0.0,0.0,0.7299680151120582,0.7285516704776427,0.0,0.0,0.0,0.0,0.0,0.0,0.0,0.0,0.9674293917257796,0.9622219417372712,0.0,0.0,0.0,0.0,0.0,0.0,0.0,0.0,0.0069383997253043,0.0011650375137458,0.0,0.0,0.0,0.0,0.0,0.0,0.0,0.0,0.0137188832248721,0.0023253251051734,0.0,0.0,0.0,0.0,0.0,0.0
1924_vDzD8B0wuiY,0.6845930213420517,0.6688774037817847,0.0,0.0,0.0,0.0,0.0,0.0,0.0,0.0,0.962852366255144,0.9594088970336077,0.0,0.0,0.0,0.0,0.0,0.0,0.0,0.0,0.69909531328714,0.6746670304685835,0.0,0.0,0.0,0.0,0.0,0.0,0.0,0.0,0.9724879567015324,0.988073785071808,0.0,0.0,0.0,0.0,0.0,0.0,0.0,0.0,0.8110697708612209,0.7999521930951676,0.0,0.0,0.0,0.0,0.0,0.0,0.0,0.0
2090_qAl42oaO42M,0.6391491144476659,0.5782552029013747,0.2576076953778989,0.2320690849803371,0.0,0.0,0.0,0.0,0.0,0.0,0.9292419838820302,0.9072650998799724,0.7064798632544587,0.6969787379972565,0.0,0.0,0.0,0.0,0.0,0.0,0.6493398202455907,0.5866658381030755,0.7303249700355502,0.7254953609364133,0.0,0.0,0.0,0.0,0.0,0.0,0.9755070970429076,0.9760245478976832,0.265923514595503,0.2386122669373402,0.0,0.0,0.0,0.0,0.0,0.0,0.7788110943076586,0.7304453832657458,0.3753792848547693,0.3449696980191287,0.0,0.0,0.0,0.0,0.0,0.0
294_d8h7wuRls-A,0.6539242273613038,0.6330005518925947,0.9197543389306064,0.9175909737309024,0.0,0.0,0.0,0.0,0.0,0.0,0.9968601466049382,0.9964514853395058,0.996215446566358,0.9961181037808644,0.0,0.0,0.0,0.0,0.0,0.0,0.7173040944055261,0.6763793343006395,0.9541018560648584,0.9549283564135368,0.0,0.0,0.0,0.0,0.0,0.0,0.8842393767839354,0.9113993323809716,0.962632595979484,0.9595493289795032,0.0,0.0,0.0,0.0,0.0,0.0,0.7901587257363158,0.7747339565986218,0.9581433847024252,0.9569674254179412,0.0,0.0,0.0,0.0,0.0,0.0
778_UBDAYtqPOXE,0.6585708083117512,0.6613802042533609,0.2731582296865203,0.2290623269501752,0.0,0.0,0.0,0.0,0.0,0.0,0.9777453817175016,0.977735538080973,0.8735797504765799,0.8659020508521699,0.0,0.0,0.0,0.0,0.0,0.0,0.716028913102552,0.7145831006246729,0.9888860901787152,0.987398333413474,0.0,0.0,0.0,0.0,0.0,0.0,0.8919454894687089,0.8995327689350412,0.274009519476641,0.2297387965137079,0.0,0.0,0.0,0.0,0.0,0.0,0.7935819774847584,0.7954865056588128,0.4282369846193511,0.3709618237185077,0.0,0.0,0.0,0.0,0.0,0.0
2370_xe5GXsP9zvo,0.3977405385731209,0.6081392385042406,0.6724500811471621,0.6906079226249875,0.0,0.0,0.8159622564043855,0.8282864576458346,0.0,0.0,0.800865692515432,0.8583714152520575,0.9943116962448558,0.993783548739712,0.0,0.0,0.968763245884774,0.9704561953446504,0.0,0.0,0.8965534077518625,0.8308684158008037,0.7653468043288292,0.7479859022050345,0.0,0.0,0.9254793629557236,0.9417305453536796,0.0,0.0,0.4293848669538234,0.6935599900188728,0.8360141552239772,0.8984256288633742,0.0,0.0,0.874087634418689,0.8715558403749389,0.0,0.0,0.566442200417315,0.7544066739745218,0.7807754302560409,0.8008641350699003,0.0,0.0,0.886998713295628,0.8941139235346006,0.0,0.0
967_7xfvyuALf8g,0.0,0.0,0.3249195723021598,0.350193786263443,0.0,0.0,0.0,0.0,0.0,0.0,0.0,0.0,0.9743295424047236,0.9747822522477188,0.0,0.0,0.0,0.0,0.0,0.0,0.0,0.0,0.4842752405761263,0.5057823267518843,0.0,0.0,0.0,0.0,0.0,0.0,0.0,0.0,0.5113097352151812,0.5906798080888439,0.0,0.0,0.0,0.0,0.0,0.0,0.0,0.0,0.4666545212872715,0.4996557868528693,0.0,0.0,0.0,0.0,0.0,0.0
653_yz_2gk5S-Ek,0.2567881450363144,0.3628785166347422,0.0,0.0,0.0,0.0,0.0,0.0,0.4403638206087153,0.4815252112580246,0.9791349702885054,0.9821214560094051,0.0,0.0,0.0,0.0,0.0,0.0,0.9494779128086416,0.9537499202154822,0.3676908759441025,0.4080088538608964,0.0,0.0,0.0,0.0,0.0,0.0,0.8281350151368954,0.811083124861181,0.3531358035684608,0.5747507174011408,0.0,0.0,0.0,0.0,0.0,0.0,0.5300233794409799,0.5741097445134369,0.3441166776227529,0.4715072152005721,0.0,0.0,0.0,0.0,0.0,0.0,0.5891001448440057,0.6403714852818672
1754_ztrGj1hFK8c,0.5562735184000717,0.5655604526990545,0.0,0.0,0.0,0.0,0.0,0.0,0.0,0.0,0.9683926022376544,0.954275245949074,0.0,0.0,0.0,0.0,0.0,0.0,0.0,0.0,0.8793177672165077,0.6519303841584135,0.0,0.0,0.0,0.0,0.0,0.0,0.0,0.0,0.6103029222352071,0.8205605014244753,0.0,0.0,0.0,0.0,0.0,0.0,0.0,0.0,0.7079290097438558,0.715786726445074,0.0,0.0,0.0,0.0,0.0,0.0,0.0,0.0
1444_Rc1YqO3YkS8,0.0,0.0,0.1237560765230234,0.136575956128804,0.0,0.0,0.0,0.0,0.0,0.0,0.0,0.0,0.7901474790219909,0.7913976598668981,0.0,0.0,0.0,0.0,0.0,0.0,0.0,0.0,0.299455942097749,0.3195834088197329,0.0,0.0,0.0,0.0,0.0,0.0,0.0,0.0,0.1989901445194201,0.2161001507497545,0.0,0.0,0.0,0.0,0.0,0.0,0.0,0.0,0.217951841690953,0.2390943243472429,0.0,0.0,0.0,0.0,0.0,0.0
221_Rg_8Rt-zvuQ,0.3728116365949087,0.4138695470550199,0.3794097192683145,0.3750240329839999,0.0,0.0,0.0,0.0,0.0,0.0,0.8101023126714676,0.8112512645747598,0.9364127550582992,0.9352288344478736,0.0,0.0,0.0,0.0,0.0,0.0,0.6617029300532734,0.6369867229208557,0.7833175692831793,0.7849181905852457,0.0,0.0,0.0,0.0,0.0,0.0,0.4641853133090252,0.5437915991503294,0.423935842133013,0.4246537904133591,0.0,0.0,0.0,0.0,0.0,0.0,0.5368235171355095,0.5829788809173414,0.5341283212643073,0.5306972201903959,0.0,0.0,0.0,0.0,0.0,0.0
670_JboU-y2LdkU,0.526198925637309,0.5239293785946887,0.3127104400039471,0.3675404539314361,0.0,0.0,0.0,0.0,0.0,0.0,0.9902642961248286,0.9901833311899864,0.9894067965534976,0.9900713091563788,0.0,0.0,0.0,0.0,0.0,0.0,0.6358836604871166,0.6245758101369918,0.6094140878307965,0.5915994248079202,0.0,0.0,0.0,0.0,0.0,0.0,0.7581379345810448,0.7706780746499501,0.3399446579228196,0.4193219475985633,0.0,0.0,0.0,0.0,0.0,0.0,0.681119170032289,0.6805558659760128,0.4257355248706052,0.4750387669629657,0.0,0.0,0.0,0.0,0.0,0.0
1137_-1IuYQZltWo,0.3486320083125389,0.4243521976669247,0.4361421610812334,0.5572541776641587,0.0,0.0,0.0,0.0,0.0,0.0,0.9427534346348492,0.950412727084468,0.9730701290976896,0.9777224995177471,0.0,0.0,0.0,0.0,0.0,0.0,0.725613376374177,0.7909721006120135,0.9425145649521616,0.9125008553356192,0.0,0.0,0.0,0.0,0.0,0.0,0.3698951415763434,0.4494861333698001,0.4568287958436819,0.6097278286256756,0.0,0.0,0.0,0.0,0.0,0.0,0.4558855437616396,0.5362592117060483,0.5498562619671107,0.670484936803554,0.0,0.0,0.0,0.0,0.0,0.0
71_-IFHA129a5I,0.5942128294757755,0.5350722715577818,0.0340672851003527,0.0369403444773068,0.0,0.0,0.0,0.0,0.0,0.0,0.9518952217487372,0.9452442721485688,0.4036914909701368,0.4033776498538011,0.0,0.0,0.0,0.0,0.0,0.0,0.6796885982743163,0.5710836324662943,0.6792454808435295,0.6797810489154954,0.0,0.0,0.0,0.0,0.0,0.0,0.8637058105208802,0.8809128038931504,0.0342780631013458,0.037412153476067,0.0,0.0,0.0,0.0,0.0,0.0,0.7111602372155874,0.6849873806401672,0.0617370306696237,0.0672133484684887,0.0,0.0,0.0,0.0,0.0,0.0
1381_MVW6u25V1BE,0.0809852382575153,0.1729115676441626,0.0,0.0,0.0,0.0,0.0,0.0,0.2929812508870332,0.4233167709814587,0.9904819979408912,0.9903181905864196,0.0,0.0,0.0,0.0,0.0,0.0,0.983089562618371,0.9855233892746912,0.2932272389292996,0.3515023178523922,0.0,0.0,0.0,0.0,0.0,0.0,0.5709452644576437,0.7283193380006672,0.1902294423975838,0.3549888839718745,0.0,0.0,0.0,0.0,0.0,0.0,0.3463966021217508,0.5066011301520583,0.1387930589420358,0.279001787636172,0.0,0.0,0.0,0.0,0.0,0.0,0.4103739756092486,0.5811718453933007
310_wx8pTN0P5Pc,0.2190811028657735,0.2481999223362417,0.7616798905327976,0.7518892662128525,0.0,0.0,0.0,0.0,0.0,0.0,0.9757988096859114,0.9753751787173204,0.9952818201933548,0.99486993350581,0.0,0.0,0.0,0.0,0.0,0.0,0.3769605313549247,0.3867275489635511,0.8398483164099317,0.8073501892490933,0.0,0.0,0.0,0.0,0.0,0.0,0.3460545828465493,0.4158193115768561,0.8948332433505086,0.9200102665107678,0.0,0.0,0.0,0.0,0.0,0.0,0.3531557413859982,0.3939266094857321,0.8638625444048141,0.8576501371578356,0.0,0.0,0.0,0.0,0.0,0.0
1206_Vu5adaBn314,0.0,0.0,0.2636318166623584,0.6401355775526505,0.0,0.0,0.0,0.0,0.0,0.0,0.0,0.0,0.9480334127002612,0.9729298621460508,0.0,0.0,0.0,0.0,0.0,0.0,0.0,0.0,0.4019861956743263,0.6902093366577777,0.0,0.0,0.0,0.0,0.0,0.0,0.0,0.0,0.3616624089683109,0.9044071478515496,0.0,0.0,0.0,0.0,0.0,0.0,0.0,0.0,0.3647319189703477,0.7752551009144749,0.0,0.0,0.0,0.0,0.0,0.0
289_V4Ts_SBwFZA,0.0456554157707616,0.0954387803162777,0.1073409896700961,0.1580790602660482,0.0,0.0,0.0,0.0,0.0,0.0,0.9259358446988656,0.9271774508883884,0.947458311899863,0.9513236239711936,0.0,0.0,0.0,0.0,0.0,0.0,0.1115212298906214,0.1767640733863801,0.1243532199893359,0.1744932592318098,0.0,0.0,0.0,0.0,0.0,0.0,0.0636084964584476,0.1909564440203762,0.4536775083354686,0.636220373257154,0.0,0.0,0.0,0.0,0.0,0.0,0.0746645754540128,0.1589321477442164,0.1856358562735804,0.2612261596854626,0.0,0.0,0.0,0.0,0.0,0.0
202_PFMwMdsrx-o,0.1926838185150437,0.2768615271507097,0.4613045641064637,0.4913713091198902,0.0521069321823525,0.0540767657308177,0.0,0.0,0.6046680072633815,0.6905831375382466,0.9379421724965712,0.9565431455761316,0.9856350951646088,0.9860838048696844,0.9730959362139916,0.9739955632716046,0.0,0.0,0.8556686814128942,0.8848247813786012,0.2915348641518738,0.4094307115610106,0.8583475131061414,0.8369742145973406,0.0879869845686291,0.092589367398,0.0,0.0,0.7312957878293453,0.7560392818547594,0.4254189801896714,0.4746435561186688,0.4984504166900393,0.5453132480530224,0.2213218970407689,0.2211380465574564,0.0,0.0,0.7796048286872252,0.8897726181892932,0.3171862121415826,0.4217040765494514,0.6151830788352731,0.6465657973110704,0.0965185961855345,0.0998788003292811,0.0,0.0,0.7512489666558706,0.8167406268850259
263_IipbxIu3QZA,0.4558222067824923,0.423681285518001,0.6763219393875196,0.6835935385655292,0.0,0.0,0.0,0.0,0.0,0.0,0.991473711848422,0.9904094891332303,0.997516884886188,0.9976750970534332,0.0,0.0,0.0,0.0,0.0,0.0,0.4868659697079129,0.4412070518529011,0.717804966582787,0.7156965353029202,0.0,0.0,0.0,0.0,0.0,0.0,0.9070192898438924,0.9263197118831272,0.7289472989593826,0.7398322537529527,0.0,0.0,0.0,0.0,0.0,0.0,0.6132599929182455,0.586648179436785,0.7222265382051885,0.7266868687307715,0.0,0.0,0.0,0.0,0.0,0.0
568_9cnOy5hqZBo,0.0,0.0,0.7748743201875864,0.7723162505947957,0.0,0.0,0.0,0.0,0.0,0.0,0.0,0.0,0.984173768939394,0.9836987934904602,0.0,0.0,0.0,0.0,0.0,0.0,0.0,0.0,0.9369876257166267,0.9208931211365752,0.0,0.0,0.0,0.0,0.0,0.0,0.0,0.0,0.8181384651281093,0.8272314440018632,0.0,0.0,0.0,0.0,0.0,0.0,0.0,0.0,0.871614657969636,0.8700214769902175,0.0,0.0,0.0,0.0,0.0,0.0
226_n7YpGfnTqoY,0.0,0.0,0.181457596517843,0.2333673103882033,0.0,0.0,0.0,0.0,0.0,0.0,0.0,0.0,0.6871806088572124,0.7067004243827162,0.0,0.0,0.0,0.0,0.0,0.0,0.0,0.0,0.9723377322959272,0.9732138419597498,0.0,0.0,0.0,0.0,0.0,0.0,0.0,0.0,0.1825082664858271,0.2349381149514996,0.0,0.0,0.0,0.0,0.0,0.0,0.0,0.0,0.3041270226317147,0.3771805099087384,0.0,0.0,0.0,0.0,0.0,0.0
479_1n9I4X7Jayc,0.0162287055974694,0.0183213151661432,0.705985133468486,0.7736189673270799,0.0,0.0,0.0,0.0,0.2648378083959317,0.3360821490570734,0.9962558299039784,0.9965574631344308,0.9241731610082302,0.9391083140432098,0.0,0.0,0.0,0.0,0.9924862932956108,0.9942916773834016,0.019405138787997,0.022671092346421,0.8287667929525622,0.8050682786774859,0.0,0.0,0.0,0.0,0.2994993870776912,0.3809127783495867,0.084439112835915,0.084439112835915,0.8359066655605043,0.9502581986272202,0.0,0.0,0.0,0.0,0.6550013373392247,0.717924097497997,0.028931750023841,0.0322485824619844,0.8251496420599191,0.8700124688345715,0.0,0.0,0.0,0.0,0.4040406883234335,0.4890894626287268
1454_fXl1eBVL6wE,0.891791374661544,0.867473428818242,0.0,0.0,0.0,0.0,0.0,0.0,0.0,0.0,0.9902772848079562,0.987103287894376,0.0,0.0,0.0,0.0,0.0,0.0,0.0,0.0,0.9435396154452832,0.900419074183516,0.0,0.0,0.0,0.0,0.0,0.0,0.0,0.0,0.942412966763888,0.960927940380122,0.0,0.0,0.0,0.0,0.0,0.0,0.0,0.0,0.9425910100246494,0.928357177371808,0.0,0.0,0.0,0.0,0.0,0.0,0.0,0.0
73_6rmwURP2h9I,0.0,0.0,0.0863571863149899,0.0987397189090588,0.0,0.0,0.0,0.0,0.0,0.0,0.0,0.0,0.7779461738264427,0.7812125861326443,0.0,0.0,0.0,0.0,0.0,0.0,0.0,0.0,0.8904877709133383,0.9000392277453159,0.0,0.0,0.0,0.0,0.0,0.0,0.0,0.0,0.0872231638520233,0.0998059217268983,0.0,0.0,0.0,0.0,0.0,0.0,0.0,0.0,0.1581859874769181,0.1791733143202175,0.0,0.0,0.0,0.0,0.0,0.0
2066_9T12xX5ZPXs,0.8033041388692855,0.7969584496040762,0.0551448871177263,0.0709859027584444,0.0,0.0,0.0,0.0,0.0,0.0,0.997501501560746,0.9973399796576882,0.8406531131628786,0.8428080281986534,0.0,0.0,0.0,0.0,0.0,0.0,0.8328195186662257,0.8079491060658047,0.0581310766046997,0.073885984443089,0.0,0.0,0.0,0.0,0.0,0.0,0.9586714587196796,0.983261160343632,0.5082995706594983,0.6467564381362334,0.0,0.0,0.0,0.0,0.0,0.0,0.8889321929132151,0.8853064249210032,0.1040149407041534,0.1322030211003073,0.0,0.0,0.0,0.0,0.0,0.0
852_4RLJyV8wj9o,0.4883515655892237,0.5036885557616133,0.3047222745620419,0.2906953254619162,0.1424229457795691,0.142289688683559,0.0,0.0,0.0,0.0,0.9984913102249002,0.9982962459434004,0.9943079242692444,0.994267315722585,0.2005998980176562,0.19940823291122,0.0,0.0,0.0,0.0,0.8967732334166613,0.7760912415848695,0.9635966223707204,0.97605258737879,0.1424428517780602,0.1422943562566467,0.0,0.0,0.0,0.0,0.5319301920885471,0.6094035203230798,0.3098428641637291,0.2930453223969037,0.9991376455783388,0.999784912454454,0.0,0.0,0.0,0.0,0.6327541183440311,0.6480493320565422,0.4513389967982172,0.4389767241640777,0.2489617448762146,0.2487665011756822,0.0,0.0,0.0,0.0
715_V6v56DCfHzM,0.5584984938967099,0.4610088187980867,0.258814636745829,0.3870830829354858,0.0,0.0,0.0,0.0,0.0,0.0,0.8564650245949071,0.795398436790804,0.609842996256287,0.6576727423463596,0.0,0.0,0.0,0.0,0.0,0.0,0.6119769347479488,0.4907798950539421,0.8993014818409685,0.8310331100806505,0.0,0.0,0.0,0.0,0.0,0.0,0.8864885710288203,0.8813650688348448,0.2716680330700266,0.4297901728360627,0.0,0.0,0.0,0.0,0.0,0.0,0.712963271672653,0.6261108013867474,0.3860341746191287,0.5385547844739471,0.0,0.0,0.0,0.0,0.0,0.0
921_Bfa40LFvNds,0.0,0.0,0.7719503452203942,0.8003748497082736,0.0,0.0,0.0,0.0,0.0,0.0,0.0,0.0,0.9983087891894088,0.998392853516894,0.0,0.0,0.0,0.0,0.0,0.0,0.0,0.0,0.8280571893930041,0.8325518865988797,0.0,0.0,0.0,0.0,0.0,0.0,0.0,0.0,0.9067588955056868,0.9563059253974896,0.0,0.0,0.0,0.0,0.0,0.0,0.0,0.0,0.8584123408882988,0.8858621108128271,0.0,0.0,0.0,0.0,0.0,0.0
1452_eTQjRZ84nG4,0.258841885635552,0.2764566536545514,0.5172932053462366,0.5215325380812217,0.0,0.0,0.0,0.0,0.0333754026663747,0.0853415090443558,0.8838096600651576,0.8883763610253774,0.9550642039609054,0.9556099429869684,0.0,0.0,0.0,0.0,0.9220784637533876,0.926257255229767,0.2691481472786989,0.2839974266095549,0.7294558568506858,0.7329152350153774,0.0,0.0,0.0,0.0,0.9816477524124908,0.984701936135596,0.8689920758052366,0.9118713571864272,0.6447442684069717,0.6482439835744481,0.0,0.0,0.0,0.0,0.0333770808730225,0.085482612409278,0.4105907529833295,0.4328026700728893,0.6810872311682903,0.6847949539607805,0.0,0.0,0.0,0.0,0.0632701353228844,0.1568439817743314
262_G-3yBtL017o,0.0,0.0,0.8609623898370854,0.8685570928621993,0.0,0.0,0.0,0.0,0.0,0.0,0.0,0.0,0.9914837641460904,0.9918985446673524,0.0,0.0,0.0,0.0,0.0,0.0,0.0,0.0,0.94150002241919,0.939016541647634,0.0,0.0,0.0,0.0,0.0,0.0,0.0,0.0,0.9101180278195,0.9209535226140626,0.0,0.0,0.0,0.0,0.0,0.0,0.0,0.0,0.9169316660726192,0.9217566297285472,0.0,0.0,0.0,0.0,0.0,0.0
486_0k82WpXyHhc,0.5628436467367414,0.5408045582165509,0.6962016583752498,0.7061707481843991,0.0,0.0,0.0,0.0,0.0,0.0,0.9502786039907865,0.9429257975615016,0.9908832217059276,0.9902599166836872,0.0,0.0,0.0,0.0,0.0,0.0,0.6051060250002543,0.5562858183127067,0.8777148617198273,0.8194705221361477,0.0,0.0,0.0,0.0,0.0,0.0,0.90470744426704,0.967790361665264,0.7371491614295612,0.7957638584417085,0.0,0.0,0.0,0.0,0.0,0.0,0.7023511417218152,0.684332609196753,0.7898364363089345,0.7974372343241797,0.0,0.0,0.0,0.0,0.0,0.0
255_EjctWA0PIDg,0.6089847703446415,0.625881540947073,0.0,0.0,0.0,0.0,0.0,0.0,0.0,0.0,0.8429896797839506,0.8427982896090535,0.0,0.0,0.0,0.0,0.0,0.0,0.0,0.0,0.6584578394133886,0.639589305011548,0.0,0.0,0.0,0.0,0.0,0.0,0.0,0.0,0.8993123058236485,0.9691724813975852,0.0,0.0,0.0,0.0,0.0,0.0,0.0,0.0,0.7551778528304851,0.7694090538976285,0.0,0.0,0.0,0.0,0.0,0.0,0.0,0.0
566_2BaSiM-frZw,0.0680512446390805,0.0921273714226148,0.0664022548691117,0.1180408860101774,0.0,0.0,0.0,0.0,0.0,0.0,0.9862780028292178,0.9866997277949244,0.9073819980281204,0.9130106524348424,0.0,0.0,0.0,0.0,0.0,0.0,0.0811895463615208,0.1080371087647977,0.9018858499847824,0.8984803238042829,0.0,0.0,0.0,0.0,0.0,0.0,0.3148957292183067,0.3930880242325139,0.0669963184460073,0.1196943764173227,0.0,0.0,0.0,0.0,0.0,0.0,0.1219759295742023,0.1604584352668195,0.1209767663810546,0.207134521847971,0.0,0.0,0.0,0.0,0.0,0.0
1392_-DBC8FtyMXM,0.6221048845256355,0.6237284773565626,0.4752196713452266,0.5460696102453447,0.0,0.0,0.0,0.0,0.0,0.0,0.9758778694058644,0.971563850308642,0.9897005931712964,0.9909607687114196,0.0,0.0,0.0,0.0,0.0,0.0,0.7857792218599867,0.6636230534308324,0.9037929720621772,0.8935630473073654,0.0,0.0,0.0,0.0,0.0,0.0,0.7765281175254407,0.9127621204564792,0.500750588621811,0.5842716633648053,0.0,0.0,0.0,0.0,0.0,0.0,0.7634537541610091,0.7656553521205561,0.6428438018451307,0.7056343735412375,0.0,0.0,0.0,0.0,0.0,0.0
425_FCqocWPQOa4,0.0,0.0,0.6684906749050256,0.8677631378106979,0.0,0.0,0.0,0.0,0.0,0.0,0.0,0.0,0.9308302536509396,0.9717740885416662,0.0,0.0,0.0,0.0,0.0,0.0,0.0,0.0,0.9738674974976206,0.932627288993541,0.0,0.0,0.0,0.0,0.0,0.0,0.0,0.0,0.6812656651157997,0.9268092187488192,0.0,0.0,0.0,0.0,0.0,0.0,0.0,0.0,0.7765331239326008,0.9287276296548038,0.0,0.0,0.0,0.0,0.0,0.0
60_dpztQl4KzTw,0.0694085560141842,0.044605997356299,0.4919257870162273,0.6024472185869242,0.0,0.0,0.0,0.0,0.0,0.0,0.9857596243136306,0.9859680081153104,0.8700336888227513,0.8966393919665404,0.0,0.0,0.0,0.0,0.0,0.0,0.1326483165221486,0.0844015174247821,0.9283799532522524,0.9238524605798416,0.0,0.0,0.0,0.0,0.0,0.0,0.2739199492552401,0.1684428470863204,0.5083279454498657,0.6341915954549842,0.0,0.0,0.0,0.0,0.0,0.0,0.1249922458179075,0.0823344260667894,0.6472234661743409,0.7496427840477217,0.0,0.0,0.0,0.0,0.0,0.0
164_mXqpXSBQJ7M,0.7449312030479155,0.6506545503525228,0.0,0.0,0.0,0.0,0.0,0.0,0.0,0.0,0.9935075944377352,0.9893796862419484,0.0,0.0,0.0,0.0,0.0,0.0,0.0,0.0,0.7959765534080985,0.6741411175660279,0.0,0.0,0.0,0.0,0.0,0.0,0.0,0.0,0.9232527443539296,0.952740692350514,0.0,0.0,0.0,0.0,0.0,0.0,0.0,0.0,0.8531933757276818,0.7870337349597899,0.0,0.0,0.0,0.0,0.0,0.0,0.0,0.0
1002_3nW_Y_u1S08,0.6618815041817304,0.676313114980617,0.6317752949239251,0.6819504029848023,0.0,0.0,0.0,0.0,0.0,0.0,0.98724235628858,0.9877460214120372,0.9956776379243826,0.9959291570216048,0.0,0.0,0.0,0.0,0.0,0.0,0.7754833144039308,0.7766118607302754,0.7641018818976283,0.7215200590342492,0.0,0.0,0.0,0.0,0.0,0.0,0.8191049628843108,0.8396461739134011,0.786377390844058,0.9264942042919266,0.0,0.0,0.0,0.0,0.0,0.0,0.7959359579934809,0.8062700477178104,0.7703676462851203,0.8100610239747783,0.0,0.0,0.0,0.0,0.0,0.0
466_ts0d7I6m7GE,0.6073166141568529,0.6051492162756845,0.6114047751651073,0.6027002439835724,0.1457108383524775,0.1423395876787644,0.0,0.0,0.0,0.0,0.9735014896262,0.9708084919410156,0.9654508209019204,0.9624655564128942,0.9432682934670784,0.9430204903978052,0.0,0.0,0.0,0.0,0.7308076990048603,0.662233803109647,0.686983868507271,0.6453041551699851,0.2536688036528386,0.250110029763322,0.0,0.0,0.0,0.0,0.7967694619010396,0.8779036452956468,0.8726126124141795,0.9197144455666288,0.3756285007421653,0.3696066673657461,0.0,0.0,0.0,0.0,0.7453326686528737,0.7475345720065018,0.7527815016658982,0.7467342580680155,0.2272787604146453,0.2233962881591118,0.0,0.0,0.0,0.0
1971_dat1wlwUJGM,0.3905880032176119,0.5245968580925566,0.6997857986287238,0.8489008878018436,0.0,0.0,0.0,0.0,0.0,0.0,0.990084297839506,0.9969554719650208,0.7652891160836764,0.875885952503429,0.0,0.0,0.0,0.0,0.0,0.0,0.4645062942520203,0.7460621133664269,0.8696717850771232,0.8642055151026513,0.0,0.0,0.0,0.0,0.0,0.0,0.6995440148762784,0.6302794920474714,0.7861239998757319,0.9796616590287144,0.0,0.0,0.0,0.0,0.0,0.0,0.5218179477326486,0.6567353328420182,0.8192695733351301,0.9175403857883694,0.0,0.0,0.0,0.0,0.0,0.0
94_pj1pRZB4It4,0.2863182817863284,0.3092304605356293,0.8309444234717069,0.8368310138648892,0.0,0.0,0.0,0.0,0.0,0.0,0.941008069701646,0.9429331704389574,0.9976787551440328,0.9977284164951988,0.0,0.0,0.0,0.0,0.0,0.0,0.523270689386395,0.5458557213982991,0.9077678953989168,0.8966737969998629,0.0,0.0,0.0,0.0,0.0,0.0,0.3508716760025024,0.380063433237048,0.9075996202960536,0.9264660413321744,0.0,0.0,0.0,0.0,0.0,0.0,0.4127118257997724,0.4408268470732116,0.9075351087911504,0.911090459689439,0.0,0.0,0.0,0.0,0.0,0.0
574_-Krr8zq5u14,0.5085696575493398,0.3948439129754507,0.318610360371627,0.3151996203182982,0.0,0.0,0.0,0.0,0.0,0.0,0.9744420331790122,0.96182332658179,0.8100785831404324,0.8090626687885802,0.0,0.0,0.0,0.0,0.0,0.0,0.5964320608723054,0.4451134772336264,0.3263562646558532,0.3224608743526163,0.0,0.0,0.0,0.0,0.0,0.0,0.8121779293177931,0.7858288874098293,0.9218178667894392,0.9149012025374652,0.0,0.0,0.0,0.0,0.0,0.0,0.6595288114073304,0.5556943112625984,0.4722525500692744,0.4681119010591418,0.0,0.0,0.0,0.0,0.0,0.0
1076_iF7wrp19ssY,0.0,0.0,0.9648947358022184,0.9494666765769708,0.0,0.0,0.0,0.0,0.0,0.0,0.0,0.0,0.996908650548697,0.9953288108710562,0.0,0.0,0.0,0.0,0.0,0.0,0.0,0.0,0.989583789501942,0.964213490405758,0.0,0.0,0.0,0.0,0.0,0.0,0.0,0.0,0.9748015897645296,0.9844226350659916,0.0,0.0,0.0,0.0,0.0,0.0,0.0,0.0,0.9821289746144792,0.974006328918919,0.0,0.0,0.0,0.0,0.0,0.0
1830_sGIXq7k5wGE,0.7900486032854264,0.5663610020078867,0.0,0.0,0.8092423362867396,0.8004826945026129,0.0,0.0,0.0,0.0,0.9954260815621488,0.9873603219696973,0.0,0.0,0.936450135030864,0.9332432506488498,0.0,0.0,0.0,0.0,0.8127023933559634,0.6099865362216419,0.0,0.0,0.8310239937338171,0.8254078021639458,0.0,0.0,0.0,0.0,0.965587475211654,0.9148505350089916,0.0,0.0,0.9691097699687504,0.9636503239280888,0.0,0.0,0.0,0.0,0.880416093614735,0.7114732476274207,0.0,0.0,0.8944556539824053,0.8890705717459674,0.0,0.0,0.0,0.0
1693_q8ROdlV8__U,0.6680496443848067,0.6328205645795856,0.8815750198023775,0.8778533738337096,0.0,0.0,0.0,0.0,0.0,0.0,0.9935109230324072,0.9914039351851852,0.9945664785879632,0.9942965133101848,0.0,0.0,0.0,0.0,0.0,0.0,0.7657047444758857,0.6556001316865737,0.913152218666223,0.897717664033332,0.0,0.0,0.0,0.0,0.0,0.0,0.8468865982304105,0.9482018652277976,0.9623253703822318,0.9754603264216672,0.0,0.0,0.0,0.0,0.0,0.0,0.7993071086460976,0.7721737943501139,0.9368655765590048,0.9347574907448908,0.0,0.0,0.0,0.0,0.0,0.0
1202__hf6ke1-i3E,0.0,0.0,0.459070306806918,0.5069233877282738,0.0,0.0,0.0,0.0,0.0,0.0,0.0,0.0,0.6870990594888589,0.7048009588602832,0.0,0.0,0.0,0.0,0.0,0.0,0.0,0.0,0.550568533515378,0.5706562486253252,0.0,0.0,0.0,0.0,0.0,0.0,0.0,0.0,0.7157605988283458,0.7904227656991704,0.0,0.0,0.0,0.0,0.0,0.0,0.0,0.0,0.5861978211140091,0.6222960157921165,0.0,0.0,0.0,0.0,0.0,0.0
1811_1eA_hRPEjL8,0.0457460034960469,0.1846893723702063,0.0,0.0,0.0,0.0,0.0,0.0,0.0,0.0,0.9352578017832646,0.9410780392661178,0.0,0.0,0.0,0.0,0.0,0.0,0.0,0.0,0.0593172075547346,0.2236157621173334,0.0,0.0,0.0,0.0,0.0,0.0,0.0,0.0,0.1795920748458832,0.4952760678065087,0.0,0.0,0.0,0.0,0.0,0.0,0.0,0.0,0.083665050230293,0.2992840852011847,0.0,0.0,0.0,0.0,0.0,0.0,0.0,0.0
1825_CjE3-Fd5HfQ,0.0,0.0,0.8069950164421685,0.7601687080830815,0.0,0.0,0.0,0.0,0.0,0.0,0.0,0.0,0.9934088541666668,0.9923328617969824,0.0,0.0,0.0,0.0,0.0,0.0,0.0,0.0,0.8340075128588713,0.7688150085278848,0.0,0.0,0.0,0.0,0.0,0.0,0.0,0.0,0.964183899637747,0.9831911096329102,0.0,0.0,0.0,0.0,0.0,0.0,0.0,0.0,0.8730846624834041,0.8470884468955115,0.0,0.0,0.0,0.0,0.0,0.0
249_ABGrqmtZ3gY,0.5511531350863291,0.4966015644107184,0.0,0.0,0.0,0.0,0.0,0.0,0.0,0.0,0.9727105098176572,0.9646257398777612,0.0,0.0,0.0,0.0,0.0,0.0,0.0,0.0,0.5676720120376433,0.5063148685910823,0.0,0.0,0.0,0.0,0.0,0.0,0.0,0.0,0.949320723914854,0.9652380650401906,0.0,0.0,0.0,0.0,0.0,0.0,0.0,0.0,0.7085813021084517,0.6612887831115778,0.0,0.0,0.0,0.0,0.0,0.0,0.0,0.0
80_OmFN5BCbWeA,0.0,0.0,0.6940854927943154,0.8279866850307755,0.0,0.0,0.0,0.0,0.0,0.0,0.0,0.0,0.9218931648662548,0.9505393197016464,0.0,0.0,0.0,0.0,0.0,0.0,0.0,0.0,0.9646771635323504,0.8958677917234247,0.0,0.0,0.0,0.0,0.0,0.0,0.0,0.0,0.7140427136840357,0.9176960025512412,0.0,0.0,0.0,0.0,0.0,0.0,0.0,0.0,0.8107757422330693,0.9049966054672032,0.0,0.0,0.0,0.0,0.0,0.0
1897_392VbYfoeVc,0.0,0.0,0.6468616422662292,0.6534897937347854,0.0,0.0,0.0,0.0,0.0,0.0,0.0,0.0,0.9943930576989028,0.9943715170610424,0.0,0.0,0.0,0.0,0.0,0.0,0.0,0.0,0.761979431561828,0.7479226273301325,0.0,0.0,0.0,0.0,0.0,0.0,0.0,0.0,0.8117341492231337,0.8388943329103437,0.0,0.0,0.0,0.0,0.0,0.0,0.0,0.0,0.7848493952781873,0.7897591488864592,0.0,0.0,0.0,0.0,0.0,0.0
178_qqFtth52adI,0.0,0.0,0.0,0.0,0.0,0.0,0.8787091100339214,0.8828877870873861,0.0,0.0,0.0,0.0,0.0,0.0,0.0,0.0,0.9876965342078188,0.9877969071502056,0.0,0.0,0.0,0.0,0.0,0.0,0.0,0.0,0.9525841594683324,0.9286283603919574,0.0,0.0,0.0,0.0,0.0,0.0,0.0,0.0,0.9192009039660464,0.947480132724486,0.0,0.0,0.0,0.0,0.0,0.0,0.0,0.0,0.9353029068953912,0.9377067655621708,0.0,0.0
2352_sNnbi4oLRdc,0.0313407311522248,0.031408314477196,0.0,0.0,0.0,0.0,0.1595574908794997,0.1687486266803795,0.0,0.0,0.9784629863449308,0.9784595082772166,0.0,0.0,0.0,0.0,0.8453403474365571,0.8467386241855281,0.0,0.0,0.0407053938145519,0.0407724640949736,0.0,0.0,0.0,0.0,0.8261117177656836,0.8247403908721703,0.0,0.0,0.3657910306910896,0.3694591922136431,0.0,0.0,0.0,0.0,0.1601676631132833,0.1700116942743662,0.0,0.0,0.0591281648257981,0.0592597539930817,0.0,0.0,0.0,0.0,0.2517381855037006,0.2655824670311076,0.0,0.0
585_dF495ERjRUo,0.1811147331169761,0.2782233025585726,0.6657676452110737,0.6467605439137057,0.0,0.0,0.2494692056444072,0.471811523093575,0.0,0.0,0.8512590976393059,0.8663641766766764,0.9719613363363362,0.9641566175550552,0.0,0.0,0.9618693883277216,0.9718959538966048,0.0,0.0,0.2386979807312404,0.3235800480248775,0.9336616128154068,0.7971646592747793,0.0,0.0,0.4904295459365345,0.6704192444724668,0.0,0.0,0.4286855596039554,0.6225505413158391,0.6970101243979985,0.7859397893517037,0.0,0.0,0.3030514697969344,0.5261907410569422,0.0,0.0,0.2894334254652888,0.4200021134661686,0.7859822054834313,0.7752495246241844,0.0,0.0,0.3330576018310708,0.5632267936062725,0.0,0.0
1273_ytl1MQC_9rE,0.0,0.0,0.00162107399873,0.00162107399873,0.0,0.0,0.0,0.0,0.0,0.0,0.0,0.0,0.9971234959731868,0.9971234959731868,0.0,0.0,0.0,0.0,0.0,0.0,0.0,0.0,0.0158851481809339,0.0158851481809339,0.0,0.0,0.0,0.0,0.0,0.0,0.0,0.0,0.0017525638428486,0.0017525638428486,0.0,0.0,0.0,0.0,0.0,0.0,0.0,0.0,0.0031513866659963,0.0031513866659963,0.0,0.0,0.0,0.0,0.0,0.0
2213_37UfnOSwI_c,0.5597270246760911,0.594627079672275,0.0,0.0,0.0,0.0,0.0,0.0,0.0004757271796985,0.0004998957129786,0.9149677436378992,0.913991463210459,0.0,0.0,0.0,0.0,0.0,0.0,0.9806886272665896,0.9809647472993828,0.6441491789977575,0.615421938296707,0.0,0.0,0.0,0.0,0.0,0.0,0.1281914448350912,0.2670250896057348,0.8193599015583771,0.9506211311461312,0.0,0.0,0.0,0.0,0.0,0.0,0.0005036716668658,0.0004999459613437,0.7110925421924961,0.7410838480596625,0.0,0.0,0.0,0.0,0.0,0.0,0.0009471915704853,0.000997990368351
2154_8XB_0x_erho,0.104764525594127,0.1005620912416103,0.48748628650748,0.5091095869070448,0.0,0.0,0.0,0.0,0.0,0.0,0.7342310420953363,0.7212324031207134,0.9926193201303154,0.9929251007373116,0.0,0.0,0.0,0.0,0.0,0.0,0.1050288502463778,0.1007348635042284,0.6280582661220097,0.6316946471023679,0.0,0.0,0.0,0.0,0.0,0.0,0.9781608283363132,0.983621669489556,0.6905565544095515,0.7303390668709525,0.0,0.0,0.0,0.0,0.0,0.0,0.1886748800699568,0.1819640410469982,0.651191748824699,0.6714756353931056,0.0,0.0,0.0,0.0,0.0,0.0
2152_5O4h5zzraN8,0.1637900289618816,0.1684970230849148,0.2967067043149332,0.4169437386726341,0.0,0.0,0.0,0.0,0.0,0.0,0.8935590063443074,0.8905222157921812,0.98507053755144,0.9873775398662552,0.0,0.0,0.0,0.0,0.0,0.0,0.1666774331239521,0.1694535223392602,0.7718298072090122,0.8007855554616423,0.0,0.0,0.0,0.0,0.0,0.0,0.8914672928429953,0.9679343259108878,0.3362285853243691,0.4838860205551398,0.0,0.0,0.0,0.0,0.0,0.0,0.2739936490098483,0.2824240450762481,0.4505893304265675,0.5866159679582812,0.0,0.0,0.0,0.0,0.0,0.0
2345_rBH2uoem_4w,0.4042332251151377,0.442106681756339,0.0,0.0,0.0,0.0,0.0,0.0,0.0,0.0,0.7427804783950619,0.749069433727709,0.0,0.0,0.0,0.0,0.0,0.0,0.0,0.0,0.4424369562713411,0.4544158163039116,0.0,0.0,0.0,0.0,0.0,0.0,0.0,0.0,0.8434937743563403,0.9503809818615572,0.0,0.0,0.0,0.0,0.0,0.0,0.0,0.0,0.5711317332883505,0.6118026484647403,0.0,0.0,0.0,0.0,0.0,0.0,0.0,0.0
193_qfwAziWb6XE,0.0,0.0,0.0,0.0,0.0,0.0,0.0,0.0,0.0,0.0,0.0,0.0,0.0,0.0,0.0,0.0,0.0,0.0,0.0,0.0,0.0,0.0,0.0,0.0,0.0,0.0,0.0,0.0,0.0,0.0,0.0,0.0,0.0,0.0,0.0,0.0,0.0,0.0,0.0,0.0,0.0,0.0,0.0,0.0,0.0,0.0,0.0,0.0,0.0,0.0
2205_1eo2-7k_Wds,0.0707933502753443,0.3347434028449697,0.4075718540710702,0.4180581177204675,0.0,0.0,0.0,0.0,0.3403954956855817,0.333705035351152,0.9657103671110048,0.967811593364198,0.9715772826646092,0.9722552983539096,0.0,0.0,0.0,0.0,0.9494522346866092,0.9513344084740376,0.22747094011251,0.4667186565143156,0.4434122776783041,0.4552776525502602,0.0,0.0,0.0,0.0,0.8873995971572655,0.9006812964022469,0.1070352918162948,0.5410170023321724,0.8338982593735491,0.8480480993658575,0.0,0.0,0.0,0.0,0.3628560006173209,0.3502791024906174,0.1147163604093503,0.4938221597059369,0.5598489293027367,0.5702112453135012,0.0,0.0,0.0,0.0,0.4653180666723265,0.4651639065380609
1874_ezOprhi4O2E,0.0,0.0,0.7142987240087089,0.7227356855969747,0.0,0.0,0.0,0.0,0.0,0.0,0.0,0.0,0.9981052490569272,0.998122813786008,0.0,0.0,0.0,0.0,0.0,0.0,0.0,0.0,0.943373292062439,0.9218973976508908,0.0,0.0,0.0,0.0,0.0,0.0,0.0,0.0,0.7466778652043463,0.7704291154911433,0.0,0.0,0.0,0.0,0.0,0.0,0.0,0.0,0.8331697615652189,0.8388692743916923,0.0,0.0,0.0,0.0,0.0,0.0
203_ZbgLJ0TOboY,0.4890006010091942,0.4977496438993823,0.0,0.0,0.0,0.0,0.0,0.0,6.86914847731217e-05,9.714495463020052e-05,0.9243484787594308,0.9252956774048356,0.0,0.0,0.0,0.0,0.0,0.0,0.7830808135609568,0.7886146841680696,0.5775454144179577,0.581131892677383,0.0,0.0,0.0,0.0,0.0,0.0,1.0,0.8158381716674357,0.7548526436563519,0.770785854915466,0.0,0.0,0.0,0.0,0.0,0.0,6.86914847731217e-05,9.714575569863136e-05,0.6535745370214199,0.6622888766265795,0.0,0.0,0.0,0.0,0.0,0.0,0.0001373657081898,0.0001942663729222
23_XmN5TD3AjMY,0.4934367832158957,0.5800775793582342,0.59310159884591,0.6647638023041785,0.0,0.0,0.0,0.0,0.0,0.0,0.9976958912037036,0.9979814091435184,0.9835362008317792,0.9890198098051414,0.0,0.0,0.0,0.0,0.0,0.0,0.7163495302722143,0.7144621025566652,0.806192296439841,0.8293027359237897,0.0,0.0,0.0,0.0,0.0,0.0,0.6540372415274712,0.788987847077647,0.6542337477741441,0.7626291575392402,0.0,0.0,0.0,0.0,0.0,0.0,0.6448874420686066,0.7273529842179385,0.6881317897864064,0.7615261036455973,0.0,0.0,0.0,0.0,0.0,0.0
1074_Ehrk9vBuK-M,0.7102683942883307,0.6885620738976402,0.5038951805553304,0.5039028580236659,0.0,0.0,0.0,0.0,0.0,0.0,0.9918072778880076,0.990469990079365,0.9753643582818928,0.9753650120027432,0.0,0.0,0.0,0.0,0.0,0.0,0.7774751634627806,0.732581639270886,0.5323862589122887,0.5323943287725836,0.0,0.0,0.0,0.0,0.0,0.0,0.8805167214784083,0.9095093457947724,0.9233405398024864,0.9233405398024864,0.0,0.0,0.0,0.0,0.0,0.0,0.8211323910703294,0.8073574852508465,0.6286223656265755,0.6286308412660537,0.0,0.0,0.0,0.0,0.0,0.0
2226_6qN1yGhh2oM,0.0,0.0,0.0060295612800987,0.0077256412775851,0.0,0.0,0.0,0.0,0.0,0.0,0.0,0.0,0.8303634741512348,0.8306540798611112,0.0,0.0,0.0,0.0,0.0,0.0,0.0,0.0,0.8612269461462123,0.8965795859758724,0.0,0.0,0.0,0.0,0.0,0.0,0.0,0.0,0.0060336663831163,0.0077307130473723,0.0,0.0,0.0,0.0,0.0,0.0,0.0,0.0,0.0119435339983299,0.0152595889015256,0.0,0.0,0.0,0.0,0.0,0.0
2025_24u2PafgVlc,0.6096758890972822,0.6747296363293552,0.5515833371113819,0.6843356414607766,0.0,0.0,0.0,0.0,0.0,0.0,0.974563591097608,0.977105366271219,0.9945540063175156,0.996191345968364,0.0,0.0,0.0,0.0,0.0,0.0,0.7327267750215816,0.7034816688171333,0.9632892931865062,0.9443604841107008,0.0,0.0,0.0,0.0,0.0,0.0,0.7746606762353591,0.9370899938099146,0.5653922260756563,0.7176153873223958,0.0,0.0,0.0,0.0,0.0,0.0,0.7480415956384273,0.8007406337968509,0.6971560605137888,0.8002176724560407,0.0,0.0,0.0,0.0,0.0,0.0
143_sWvOSoDyprI,0.0,0.0,0.2174429768828747,0.3563976587753361,0.0917655564257097,0.0961910068319949,0.0,0.0,0.0,0.0,0.0,0.0,0.9953306300368652,0.9961331607938958,0.9232095684370714,0.9210513385202336,0.0,0.0,0.0,0.0,0.0,0.0,0.6129900851279851,0.7213812038735334,0.1173165629081304,0.1207257307896612,0.0,0.0,0.0,0.0,0.0,0.0,0.2538441074323619,0.4173516768480367,0.2994880019014796,0.3232413782720961,0.0,0.0,0.0,0.0,0.0,0.0,0.3496390481247696,0.5236118525388861,0.1676732343654919,0.1750571204264141,0.0,0.0,0.0,0.0
263_sDUQIpAOpvs,0.3318023503405878,0.3463708824910017,0.0,0.0,0.0,0.0,0.0,0.0,0.2588088521868046,0.2608194100548471,0.9730949868373276,0.9717760494678198,0.0,0.0,0.0,0.0,0.0,0.0,0.9935008382693354,0.993362928070534,0.387292854562051,0.3968381492678765,0.0,0.0,0.0,0.0,0.0,0.0,0.5754978871261047,0.5587427340628013,0.7042536614960632,0.7541476448900116,0.0,0.0,0.0,0.0,0.0,0.0,0.3665452012602402,0.3876216819379601,0.4767353227208833,0.498349609768514,0.0,0.0,0.0,0.0,0.0,0.0,0.3792827897964931,0.381821184537058
1591_Pb69KxxAad8,0.0,0.0,0.2467832650279193,0.1773521252374049,0.0,0.0,0.0,0.0,0.0,0.0,0.9170587966810204,0.9337324670746142,0.8083726014202611,0.7913141195134847,0.0,0.0,0.0,0.0,0.0,0.0,0.0,0.0,0.9975922217288412,0.997792703853439,0.0,0.0,0.0,0.0,0.0,0.0,0.0,0.0,0.2470874056419653,0.1775237741685598,0.0,0.0,0.0,0.0,0.0,0.0,0.0,0.0,0.3771214118979359,0.2846504207208962,0.0,0.0,0.0,0.0,0.0,0.0
199_ISXf3Hvmz4I,0.1562905271786076,0.0340045655332803,0.1022446526854046,0.0443315516664757,0.0,0.0,0.0,0.0,0.0,0.0,0.871654393596546,0.8917515703027463,0.4495464983833037,0.4133893156373748,0.0,0.0,0.0,0.0,0.0,0.0,0.176569870991789,0.0704637548187182,0.9398244979918244,0.9108357643163132,0.0,0.0,0.0,0.0,0.0,0.0,0.3814573650544813,0.0798669909831423,0.1031222139623645,0.0445630286349671,0.0,0.0,0.0,0.0,0.0,0.0,0.2233149083189279,0.0598679469159184,0.1679116616972051,0.0823295662788483,0.0,0.0,0.0,0.0,0.0,0.0
112_0OB2IP1enjU,0.3670067763286165,0.3187637120513139,0.1643292327480225,0.244574899168692,0.0,0.0,0.0,0.0,0.0,0.0,0.9357246029922386,0.9176709542866625,0.973546519886364,0.977273082386364,0.0,0.0,0.0,0.0,0.0,0.0,0.3720528813067212,0.3206091739974159,0.192140662727149,0.2501556995621299,0.0,0.0,0.0,0.0,0.0,0.0,0.9607151453509646,0.979201735097475,0.4738093467288183,0.7025846609065562,0.0,0.0,0.0,0.0,0.0,0.0,0.5318342114575974,0.4803751676811674,0.2428793395403422,0.342670158754213,0.0,0.0,0.0,0.0,0.0,0.0
525_l7eYX2vQX5s,0.5656365191194253,0.4741829249525673,0.8577205016466148,0.8484039771120555,0.0,0.0,0.0,0.0,0.0,0.0,0.9638697973402318,0.946570889785312,0.9644095945669936,0.9618477420626816,0.0,0.0,0.0,0.0,0.0,0.0,0.6242437719519364,0.5105112768621497,0.9150113943576232,0.9054575306747068,0.0,0.0,0.0,0.0,0.0,0.0,0.8594948176368237,0.8733687193425448,0.9330502485605356,0.931874977734102,0.0,0.0,0.0,0.0,0.0,0.0,0.7185741024747718,0.641017218604944,0.9230532223843378,0.9177400790918848,0.0,0.0,0.0,0.0,0.0,0.0
788_PcRbkaesKXI,0.3921411918060323,0.405163801835698,0.2222467682765538,0.2247977818896019,0.0,0.0,0.0,0.0,0.0,0.0,0.9684443855024002,0.9688084003188168,0.5395567668618373,0.5393782020186544,0.0,0.0,0.0,0.0,0.0,0.0,0.5137261682756035,0.5141473815770711,0.2318555693744335,0.2330771836891583,0.0,0.0,0.0,0.0,0.0,0.0,0.8183095277565806,0.8300560453713425,0.9592650852122284,0.965197073073886,0.0,0.0,0.0,0.0,0.0,0.0,0.5086475378202322,0.5269859882635757,0.3562975529025445,0.3591666699152429,0.0,0.0,0.0,0.0,0.0,0.0
409_7LqAJoD-PpA,0.0,0.0,0.0,0.0,0.0,0.0,0.0,0.0,0.0,0.0,0.0,0.0,0.0,0.0,0.0,0.0,0.0,0.0,0.0,0.0,0.0,0.0,0.0,0.0,0.0,0.0,0.0,0.0,0.0,0.0,0.0,0.0,0.0,0.0,0.0,0.0,0.0,0.0,0.0,0.0,0.0,0.0,0.0,0.0,0.0,0.0,0.0,0.0,0.0,0.0
1970_GqYLLleNPH0,0.6858157735480811,0.5888747177620257,0.7141092978173315,0.7110299630602629,0.0,0.0,0.0,0.0,0.0,0.0,0.9976914200286596,0.9970788437867432,0.9002965749314134,0.8978571673525375,0.0,0.0,0.0,0.0,0.0,0.0,0.8129954468586266,0.742924426590418,0.7255665556367834,0.7171936172801913,0.0,0.0,0.0,0.0,0.0,0.0,0.8096020982429009,0.6948445481630158,0.97880207741015,0.9881716915498656,0.0,0.0,0.0,0.0,0.0,0.0,0.7995207295376774,0.6980786844887216,0.833066167852889,0.8309843143470869,0.0,0.0,0.0,0.0,0.0,0.0
1090_B2m0ExqAGCo,0.0630222759294519,0.1031620516512645,0.1884040430580296,0.3124386504473976,0.0,0.0,0.0,0.0,0.0,0.0,0.9182741308858398,0.9179722222222224,0.916958550347222,0.927268108603395,0.0,0.0,0.0,0.0,0.0,0.0,0.8027526974893214,0.6478016958271534,0.9807944347440068,0.9030097933259528,0.0,0.0,0.0,0.0,0.0,0.0,0.0636647896761067,0.1065998716416253,0.1890525275763792,0.320507033139849,0.0,0.0,0.0,0.0,0.0,0.0,0.1090200222272471,0.1754309910842883,0.2963578792509962,0.4691359147954518,0.0,0.0,0.0,0.0,0.0,0.0
33_qEvYDmF1Lx4,0.471615604398664,0.5582799391418866,0.112623892187095,0.0431723877806542,0.0,0.0,0.0,0.0,0.0,0.0,0.7931361282703487,0.8109661407864984,0.8676485031088502,0.8601336149467058,0.0,0.0,0.0,0.0,0.0,0.0,0.7890513785881038,0.7336853778789575,0.6721871386668802,0.6192740169094845,0.0,0.0,0.0,0.0,0.0,0.0,0.5390995018634995,0.7021907117074773,0.1235357963110888,0.0454777002899174,0.0,0.0,0.0,0.0,0.0,0.0,0.6368603433555625,0.7145166402152688,0.184919239819378,0.0790570468422893,0.0,0.0,0.0,0.0,0.0,0.0
15_ZiZqE1bZ8lU,0.3028882140075644,0.2980827835429582,0.6589167866106358,0.6386405477588005,0.0,0.0,0.0,0.0,0.0,0.0,0.996698923547284,0.9963258546872164,0.9980114354263117,0.99768497419946,0.0,0.0,0.9933379147376544,0.9933379147376544,0.0,0.0,0.4501075130472841,0.3892672155298807,0.7367546175526012,0.7077921560417607,0.0,0.0,0.0,0.0,0.0,0.0,0.5191267120569656,0.5808268843640623,0.8160473332288765,0.824731222950367,0.0,0.0,0.0,0.0,0.0,0.0,0.4583846009629585,0.4537530429944509,0.7674166643859778,0.7543440642368384,0.0,0.0,0.0,0.0,0.0,0.0
556__gQKvfdiRIU,0.5190256592653167,0.464506252744064,0.4012937144379195,0.3944330418089565,0.0,0.0,0.0,0.0,0.0,0.0,0.975999141502614,0.9692236637679348,0.9948730341325404,0.9938741538650392,0.0,0.0,0.0,0.0,0.0,0.0,0.5235850784112014,0.4669377358105502,0.7600725991107037,0.6340622809071587,0.0,0.0,0.0,0.0,0.0,0.0,0.8615263561255626,0.8647401977792947,0.4187517324724262,0.431741238414126,0.0,0.0,0.0,0.0,0.0,0.0,0.6359248381829761,0.5942795739429388,0.4922650631054643,0.4738107663686463,0.0,0.0,0.0,0.0,0.0,0.0
1973_mR2XdB78n64,0.0,0.0,0.3334291637469426,0.0878250662364261,0.0,0.0,0.0,0.0,0.0,0.0,0.0,0.0,0.9504438228738002,0.9321116147976684,0.0,0.0,0.0,0.0,0.0,0.0,0.0,0.0,0.6029557637630457,0.2847938157213958,0.0,0.0,0.0,0.0,0.0,0.0,0.0,0.0,0.3858183159906169,0.101485656923322,0.0,0.0,0.0,0.0,0.0,0.0,0.0,0.0,0.45357638708242,0.1450038181793634,0.0,0.0,0.0,0.0,0.0,0.0
262_eFIlRyo2SEo,0.3856048654553223,0.3395549955348748,0.3482369025847509,0.4299538307644907,0.0,0.0,0.0,0.0,0.0515821868574037,0.0693454992131732,0.9233287916751456,0.9068183114146656,0.9332214011554292,0.9427780216758904,0.0,0.0,0.0,0.0,0.9561226961454828,0.9574745181903646,0.3999694766120853,0.3452829869776572,0.8712593403812969,0.8855379805597503,0.0,0.0,0.0,0.0,0.8565478001344334,0.3788462950514549,0.9317216951721192,0.9484115423587304,0.371183858610691,0.4603576004431537,0.0,0.0,0.0,0.0,0.0519734726602629,0.0728372889158776,0.5507203860738985,0.5047149727204008,0.4935804523234286,0.5930964832111525,0.0,0.0,0.0,0.0,0.0910506250923267,0.1177171430175194
144_sfMAYSaMA-w,0.0,0.0,0.0,0.0,0.0,0.0,0.0,0.0,0.0,0.0,0.0,0.0,0.0,0.0,0.0,0.0,0.0,0.0,0.0,0.0,0.0,0.0,0.0,0.0,0.0,0.0,0.0,0.0,0.0,0.0,0.0,0.0,0.0,0.0,0.0,0.0,0.0,0.0,0.0,0.0,0.0,0.0,0.0,0.0,0.0,0.0,0.0,0.0,0.0,0.0
1005_QeyHjQZZHO0,0.1355457825370405,0.1857608763774186,0.7970802483840527,0.816011059362835,0.0,0.0,0.0,0.0,0.1743018643612889,0.1735655261922504,0.9908759886188272,0.9918324170524694,0.9514456500771604,0.955393253279321,0.0,0.0,0.0,0.0,0.9897184847608024,0.9898926986882712,0.1483389056909602,0.1969517349860666,0.8670682072450935,0.8644632236823109,0.0,0.0,0.0,0.0,0.2881893071979115,0.2856366408917665,0.5553134238312044,0.74833306153446,0.9097709917038728,0.9364988422586652,0.0,0.0,0.0,0.0,0.2360651001315089,0.2168242807887335,0.2262317374378141,0.3030425760430439,0.8867333681942979,0.8983956050583525,0.0,0.0,0.0,0.0,0.2396556975617702,0.2335191744858011
1213_DYqWIC4DM34,0.7067530582649167,0.7272714663171982,0.0211960112161314,0.0302829500231021,0.0494466962504916,0.0689140149189618,0.0,0.0,0.0,0.0,0.9520551268861452,0.9532616490912208,0.9877488425925928,0.9876981209150324,0.8250549880670401,0.8286504427756246,0.0,0.0,0.0,0.0,0.8828667634207622,0.8582807536161653,0.533078461558376,0.59999625318784,0.3380031098296658,0.4576279819805957,0.0,0.0,0.0,0.0,0.792488671276605,0.8453402098403598,0.0217457767034879,0.0308549841965446,0.0538270046449122,0.0723313622263354,0.0,0.0,0.0,0.0,0.824286165421887,0.840233657373772,0.0405278640695839,0.057822135354194,0.076198964852479,0.1105880708820326,0.0,0.0,0.0,0.0
1141_ow0cyhz4mUg,0.7409694307563961,0.6753858332954464,0.875535475002061,0.8381044935311223,0.0,0.0,0.0,0.0,0.0,0.0,0.9984118732128272,0.9979069400474312,0.9961226639093136,0.9945072259951432,0.0,0.0,0.0,0.0,0.0,0.0,0.8283209145194107,0.7629250682458036,0.9465398334217836,0.8797657091145389,0.0,0.0,0.0,0.0,0.0,0.0,0.8764849836496809,0.8603761207327915,0.9210310036932312,0.9469060185637436,0.0,0.0,0.0,0.0,0.0,0.0,0.8496431812533516,0.7992796298541279,0.9334691736163612,0.9115710376322728,0.0,0.0,0.0,0.0,0.0,0.0
173_eINQdeux2yg,0.9590944921771538,0.744866056172643,0.5824606099011921,0.5917891259545213,0.0,0.0,0.7428978260820189,0.6819320296718753,0.0,0.0,0.9906821496699252,0.9292872058256172,0.9982801027043507,0.9982929903682416,0.0,0.0,0.9009539314343276,0.8676694878472222,0.0,0.0,0.9791751524130904,0.8421821159646159,0.6553139253496879,0.6667567537587987,0.0,0.0,0.7733680833089908,0.7140871049481051,0.0,0.0,0.9790381160546624,0.8605143634005404,0.7178954369042921,0.7677370716523743,0.0,0.0,0.9510562474107324,0.9375146253794908,0.0,0.0,0.9790536278351089,0.8450473623448114,0.6775009254840896,0.7033956559561432,0.0,0.0,0.8521324244862811,0.8097190566962883,0.0,0.0
1753_m8v6qz-H8tI,0.7046383677369626,0.72463806156988,0.7736166482489428,0.7677861451857633,0.0,0.0,0.0,0.0,0.0,0.0,0.9805950145747596,0.97839166452332,0.9845290959362134,0.983606931584362,0.0,0.0,0.0,0.0,0.0,0.0,0.9454883778471712,0.8047395994509992,0.9764870377149216,0.933875351252304,0.0,0.0,0.0,0.0,0.0,0.0,0.736594652252905,0.8798427774474766,0.7883869909499797,0.8123299061623228,0.0,0.0,0.0,0.0,0.0,0.0,0.8176202086238511,0.8383820984414773,0.8720323093619562,0.8684154926845178,0.0,0.0,0.0,0.0,0.0,0.0
169_B-jCv7jhajY,0.2920494727251984,0.3649107133063166,0.0,0.0,0.0,0.0,0.3014577076437171,0.5695141782151245,0.210521968728197,0.3450355209101063,0.9738296440972224,0.974952071688686,0.0,0.0,0.0,0.0,0.9854375542534722,0.9926529947916666,0.9699677334612574,0.9711213001778456,0.4145125717974026,0.5257123563778345,0.0,0.0,0.0,0.0,0.9997227356746764,0.96558877973042,0.7227590860248438,0.770161674854735,0.5171108385375824,0.5881003689147609,0.0,0.0,0.0,0.0,0.3014634446464659,0.5816059661337306,0.2370219424911921,0.3993935700071667,0.4218035241144724,0.5210044820211291,0.0,0.0,0.0,0.0,0.4397002286577144,0.72568702885796,0.2974863516170857,0.4514300022336649
992_jG1ODvPy32o,0.0,0.0,0.0,0.0,0.0,0.0,0.0,0.0,0.0,0.0,0.0,0.0,0.0,0.0,0.0,0.0,0.0,0.0,0.0,0.0,0.0,0.0,0.0,0.0,0.0,0.0,0.0,0.0,0.0,0.0,0.0,0.0,0.0,0.0,0.0,0.0,0.0,0.0,0.0,0.0,0.0,0.0,0.0,0.0,0.0,0.0,0.0,0.0,0.0,0.0
869_iQcp5DqFgVw,0.3117413520490812,0.3545545620189119,0.2316228658042166,0.4289865518502265,0.0,0.0,0.0,0.0,0.0,0.0,0.91659976823484,0.90984372517815,0.958968492561955,0.9682014512981116,0.0,0.0,0.0,0.0,0.0,0.0,0.9659358959672736,0.7673536803895454,0.6444963990516862,0.7366974970534772,0.0,0.0,0.0,0.0,0.0,0.0,0.3151015028167553,0.3983769467553086,0.2732917789359089,0.513829181814821,0.0,0.0,0.0,0.0,0.0,0.0,0.4631047231797868,0.5172851551942538,0.3654891394156509,0.5962828287642016,0.0,0.0,0.0,0.0,0.0,0.0
1026_kJ_8F7YIEg4,0.0,0.0,0.0408412287939807,0.0408412287939807,0.0,0.0,0.0,0.0,0.0,0.0,0.0,0.0,0.8142082583358861,0.8142082583358861,0.0,0.0,0.0,0.0,0.0,0.0,0.0,0.0,0.8413804991175902,0.8413804991175902,0.0,0.0,0.0,0.0,0.0,0.0,0.0,0.0,0.0413417715853808,0.0413417715853808,0.0,0.0,0.0,0.0,0.0,0.0,0.0,0.0,0.0767636221721779,0.0767636221721779,0.0,0.0,0.0,0.0,0.0,0.0
394_JVcvCWY14XY,0.6860366548489953,0.663382787645229,0.0,0.0,0.3495018572913411,0.4741138193399081,0.0,0.0,0.0,0.0,0.9974931938621016,0.9972041832270556,0.0,0.0,0.8964354945550903,0.9127222140330188,0.0,0.0,0.0,0.0,0.8561920955499227,0.8087878138923683,0.0,0.0,0.9507934732285838,0.8961418028403497,0.0,0.0,0.0,0.0,0.780409071668189,0.7876270175768229,0.0,0.0,0.357584324053312,0.5096768396336788,0.0,0.0,0.0,0.0,0.8117267473434119,0.791946822624096,0.0,0.0,0.5103940755418622,0.6390899142150062,0.0,0.0,0.0,0.0
1548_aOoMYOQ22f0,0.142512107025236,0.2387524926498533,0.0,0.0,0.0,0.0,0.0,0.0,0.0,0.0,0.9857541232638892,0.9864380144032924,0.0,0.0,0.0,0.0,0.0,0.0,0.0,0.0,0.3204432049879798,0.5047173319780377,0.0,0.0,0.0,0.0,0.0,0.0,0.0,0.0,0.216405384379644,0.3501307947437118,0.0,0.0,0.0,0.0,0.0,0.0,0.0,0.0,0.2291172872417139,0.3781249373237427,0.0,0.0,0.0,0.0,0.0,0.0,0.0,0.0
224_bEEUPb-fBPw,0.50492005993539,0.5047629524212328,0.0,0.0,0.0,0.0,0.0,0.0,0.4848529878881216,0.4621882376730479,0.96730024049408,0.967458073628188,0.0,0.0,0.0,0.0,0.0,0.0,0.8830665485541895,0.8705255827356561,0.6191895075210164,0.616777102676587,0.0,0.0,0.0,0.0,0.0,0.0,0.5049050388244691,0.4751746737428745,0.6491768632275808,0.6607790195355288,0.0,0.0,0.0,0.0,0.0,0.0,0.9280017142759248,0.9456338984487416,0.6301281908660074,0.6330529000582927,0.0,0.0,0.0,0.0,0.0,0.0,0.6522872045821528,0.6316455984565831
1801_1IwKWYNycj8,0.0,0.0,0.0422351188966111,0.0422351188966111,0.0,0.0,0.0,0.0,0.0,0.0,0.0,0.0,0.9990850807915758,0.9990850807915758,0.0,0.0,0.0,0.0,0.0,0.0,0.0,0.0,0.5221934320996432,0.5221934320996432,0.0,0.0,0.0,0.0,0.0,0.0,0.0,0.0,0.044838111930399,0.044838111930399,0.0,0.0,0.0,0.0,0.0,0.0,0.0,0.0,0.0726507855257457,0.0726507855257457,0.0,0.0,0.0,0.0,0.0,0.0
285_E36n90ag400,0.0,0.0,0.0,0.0,0.0,0.0,0.0,0.0,0.090209506409191,0.2051736660399481,0.0,0.0,0.0,0.0,0.0,0.0,0.0,0.0,0.948035535260172,0.9543997593118688,0.0,0.0,0.0,0.0,0.0,0.0,0.0,0.0,0.8361507139163693,0.8450278617099467,0.0,0.0,0.0,0.0,0.0,0.0,0.0,0.0,0.0906019716010626,0.207966764970033,0.0,0.0,0.0,0.0,0.0,0.0,0.0,0.0,0.1489966289460305,0.3253410868375228
272_s-JerHMryMQ,0.0950361756832157,0.0970109057880224,0.9221785989699304,0.8518075232201862,0.0,0.0,0.0,0.0,0.0,0.0,0.9938877985775628,0.9944775102321524,0.9909983281893004,0.9805514403292184,0.0,0.0,0.0,0.0,0.0,0.0,0.1140626343081763,0.1166307352870484,0.9489527321322744,0.8613994234450087,0.0,0.0,0.0,0.0,0.0,0.0,0.2964571020159045,0.2818539402361506,0.969969105118896,0.9875226634869464,0.0,0.0,0.0,0.0,0.0,0.0,0.1502053556537707,0.1522598150182342,0.95919117578906,0.9192213686412368,0.0,0.0,0.0,0.0,0.0,0.0
672_lh4QDnyuWLA,0.0,0.0,0.7896121009586006,0.7990350610074615,0.0,0.0,0.0,0.0,0.0,0.0,0.0,0.0,0.991914714960058,0.9926850256161494,0.0,0.0,0.0,0.0,0.0,0.0,0.0,0.0,0.8870506941403986,0.8658318053460047,0.0,0.0,0.0,0.0,0.0,0.0,0.0,0.0,0.8721582885369887,0.9079950305579128,0.0,0.0,0.0,0.0,0.0,0.0,0.0,0.0,0.8768525023380841,0.8840715596862149,0.0,0.0,0.0,0.0,0.0,0.0
2289_cnZjjNYsrtw,0.2889444661528789,0.3398905262081115,0.3963258712769515,0.5247726025132827,0.0,0.0,0.0,0.0,0.0785247266230855,0.2622490077646709,0.9423523354633976,0.9400186018373616,0.993142738460944,0.9943481391507242,0.0,0.0,0.8169416188488958,0.8169416188488958,0.9858958424266944,0.9873322542371148,0.3415587357971164,0.3622728698619671,0.623001261874324,0.6256362790383392,0.0,0.0,0.0,0.0,0.3765836474142974,0.4822341744163786,0.6628098699872286,0.8537290718931633,0.4228657176796598,0.5979451668026297,0.0,0.0,0.0,0.0,0.0908048607122876,0.3220940759892741,0.4422725623093767,0.5041934843543516,0.456141044001863,0.5813589231920787,0.0,0.0,0.0,0.0,0.116244359486904,0.3603076702636625
1335_1yAV-oOwDV4,0.8746289372312832,0.839973760014954,0.7447190861754335,0.7609316533580291,0.0,0.0,0.0,0.0,0.0,0.0,0.9975341174294168,0.9962727686703094,0.996555278062386,0.9965953189036886,0.0,0.0,0.0,0.0,0.0,0.0,0.917834071077102,0.863136142426602,0.948539413599626,0.9325059029746804,0.0,0.0,0.0,0.0,0.0,0.0,0.9488158402389196,0.9697502678067944,0.7765364661781335,0.8084759460263661,0.0,0.0,0.0,0.0,0.0,0.0,0.9325025530679166,0.9121703788692388,0.8512265515777098,0.8623833201172062,0.0,0.0,0.0,0.0,0.0,0.0
1561_f5SxJNCdZD8,0.326360640956968,0.3024994005155336,0.226731104829705,0.4041322379794355,0.0,0.0,0.0,0.0,0.0,0.0,0.8366404642489711,0.8159985746742112,0.999446099745579,0.999569969564472,0.0,0.0,0.0,0.0,0.0,0.0,0.3276011375069992,0.3030308947922568,0.98948759904113,0.979836316232865,0.0,0.0,0.0,0.0,0.0,0.0,0.9878925880713512,0.9946195261960316,0.2287081502932745,0.4090462403202364,0.0,0.0,0.0,0.0,0.0,0.0,0.4906358841410011,0.4630315494032272,0.3449260476559368,0.5694384356024889,0.0,0.0,0.0,0.0,0.0,0.0
198_CTd0US9ejxM,0.2451168657765249,0.2861952674924623,0.2168346044310997,0.3012184001237328,0.0,0.0,0.0,0.0,0.0,0.0,0.6854230653850082,0.6908026322508176,0.8646706654667078,0.875710090188419,0.0,0.0,0.0,0.0,0.0,0.0,0.2663769042388924,0.2935334238512558,0.8941226096943418,0.8451852725228509,0.0,0.0,0.0,0.0,0.0,0.0,0.7635703415322751,0.9175428063709096,0.2292203159016771,0.3270020812494108,0.0,0.0,0.0,0.0,0.0,0.0,0.391967080394127,0.4431974368223877,0.3393564837580312,0.4464267249161521,0.0,0.0,0.0,0.0,0.0,0.0
1207_dUTiNhI3DFY,0.5100010981530034,0.5043470083597139,0.0,0.0,0.0,0.0,0.0254104824082756,0.0387816389797621,0.0,0.0,0.9318270475450776,0.9283371215582358,0.0,0.0,0.0,0.0,0.4910950444688107,0.4974616989522415,0.0,0.0,0.8554511414434223,0.7966414518781005,0.0,0.0,0.0,0.0,0.9701035132626558,0.9618716701073377,0.0,0.0,0.5500224837198951,0.5783454933463389,0.0,0.0,0.0,0.0,0.0254328843444666,0.0388310668221908,0.0,0.0,0.6428587667158004,0.642939718687102,0.0,0.0,0.0,0.0,0.0493701986829479,0.0744695048456765,0.0,0.0
1201__bkX5VkZg8U,0.0,0.0,0.7760096178750138,0.7912703241554606,0.0,0.0,0.0,0.0,0.0,0.0,0.0,0.0,0.9946723090277778,0.9940392071759264,0.0,0.0,0.0,0.0,0.0,0.0,0.0,0.0,0.9546067585793006,0.8140106098511115,0.0,0.0,0.0,0.0,0.0,0.0,0.0,0.0,0.8127003925661203,0.9669232966613228,0.0,0.0,0.0,0.0,0.0,0.0,0.0,0.0,0.8713172221607126,0.8819060616803807,0.0,0.0,0.0,0.0,0.0,0.0
2067_EPeTfRCGZwY,0.0,0.0,0.1884803703582585,0.1469100841631163,0.0,0.0,0.0,0.0,0.0,0.0,0.0,0.0,0.8186692386831276,0.8084764124657062,0.0,0.0,0.0,0.0,0.0,0.0,0.0,0.0,0.2981984683739952,0.2645264478858394,0.0,0.0,0.0,0.0,0.0,0.0,0.0,0.0,0.4054657765604183,0.2427507737250755,0.0,0.0,0.0,0.0,0.0,0.0,0.0,0.0,0.297199173196787,0.2364195319188752,0.0,0.0,0.0,0.0,0.0,0.0
458_NPH0FI2lKV8,0.0,0.0,0.1118588111988048,0.1209043071047527,0.0,0.0,0.0,0.0,0.0,0.0,0.0,0.0,0.9781420615296482,0.9782961706182192,0.0,0.0,0.0,0.0,0.0,0.0,0.0,0.0,0.2611711805858612,0.2750313966542931,0.0,0.0,0.0,0.0,0.0,0.0,0.0,0.0,0.1932378389513167,0.2057564105117268,0.0,0.0,0.0,0.0,0.0,0.0,0.0,0.0,0.1969797126278324,0.2106999576906739,0.0,0.0,0.0,0.0,0.0,0.0
157_codCDpwadlQ,0.4089772754496356,0.4696836172822615,0.0,0.0,0.0,0.0,0.0,0.0,0.0,0.0,0.9919634670681428,0.9928218417697476,0.0,0.0,0.0,0.0,0.0,0.0,0.0,0.0,0.6298481921684609,0.6790804103771862,0.0,0.0,0.0,0.0,0.0,0.0,0.0,0.0,0.475991697653799,0.5472533412941726,0.0,0.0,0.0,0.0,0.0,0.0,0.0,0.0,0.5232800127322855,0.5919505181533941,0.0,0.0,0.0,0.0,0.0,0.0,0.0,0.0
1342_nZG2xye-ofw,0.3184961177240767,0.3212622285186581,0.0,0.0,0.5122003672747169,0.6131003536516169,0.0,0.0,0.0,0.0,0.984592227345173,0.9844600089651642,0.0,0.0,0.9415638163137524,0.9523106464879332,0.0,0.0,0.0,0.0,0.3238632993215848,0.324346595530522,0.0,0.0,0.9056306972575374,0.8874103942807876,0.0,0.0,0.0,0.0,0.9510394549439486,0.9714114292827698,0.0,0.0,0.5424089852218604,0.6657457485607499,0.0,0.0,0.0,0.0,0.4826383653570718,0.4858482657003349,0.0,0.0,0.6753069226673357,0.7590090943166915,0.0,0.0,0.0,0.0
1391_z5u3ddF5RnI,0.0,0.0,0.0216125253830622,0.0215693554334467,0.0,0.0,0.0,0.0,0.0,0.0,0.0,0.0,0.9822414893812464,0.98227485670194,0.0,0.0,0.0,0.0,0.0,0.0,0.0,0.0,0.1794610444180946,0.1844934087274726,0.0,0.0,0.0,0.0,0.0,0.0,0.0,0.0,0.0248299940145632,0.0246984362694298,0.0,0.0,0.0,0.0,0.0,0.0,0.0,0.0,0.0409330074889907,0.0408409816851937,0.0,0.0,0.0,0.0,0.0,0.0
361_Fk9TlWqADPY,0.0,0.0,0.0,0.0,0.0,0.0,0.0,0.0,0.0,0.0,0.0,0.0,0.9849983121141976,0.9849983121141976,0.0,0.0,0.0,0.0,0.0,0.0,0.0,0.0,0.0,0.0,0.0,0.0,0.0,0.0,0.0,0.0,0.0,0.0,0.0,0.0,0.0,0.0,0.0,0.0,0.0,0.0,0.0,0.0,0.0,0.0,0.0,0.0,0.0,0.0,0.0,0.0
1006_Sz1is20e6IU,0.0712625885291634,0.0484440674640765,0.6410275090004656,0.6362601736370707,0.0,0.0,0.0,0.0,0.0,0.0,0.983809919945988,0.984049660011574,0.9054565972222224,0.9043642698688272,0.0,0.0,0.0,0.0,0.0,0.0,0.071873612524128,0.0505116824280182,0.919433993498202,0.920273953909378,0.0,0.0,0.0,0.0,0.0,0.0,0.7779394530848048,0.4936318951385361,0.6859243129228214,0.6804454986118554,0.0,0.0,0.0,0.0,0.0,0.0,0.1300545990502298,0.090446341932844,0.7704965228088745,0.7666383102124936,0.0,0.0,0.0,0.0,0.0,0.0
24_gC8qPROkI1Q,0.0881122399726075,0.098879717889916,0.8250487939508142,0.801601235232849,0.0,0.0,0.0,0.0,0.5281331838772167,0.451588152254934,0.997693646568827,0.9976866585253232,0.988930293410015,0.987188963511914,0.0,0.0,0.0,0.0,0.9990496500437442,0.9987965502775268,0.2136422677712696,0.2181756208178621,0.8991782164121508,0.8610696488443879,0.0,0.0,0.0,0.0,0.5796545759457997,0.4743908824912403,0.1140748691270941,0.1275100248462072,0.9132072936315336,0.928903066727424,0.0,0.0,0.0,0.0,0.903658904841634,0.9501963172905088,0.1345381211886309,0.1504596250542472,0.8995283428432825,0.8858232395625696,0.0,0.0,0.0,0.0,0.6697283423100288,0.6048358946485924
724_K09cZLrnR_8,0.0,0.0,0.7235124974618856,0.731297634630678,0.0,0.0,0.0,0.0,0.0,0.0,0.0,0.0,0.9887327996399176,0.9887368184156382,0.0,0.0,0.0,0.0,0.0,0.0,0.0,0.0,0.7997685209209524,0.7772091669461603,0.0,0.0,0.0,0.0,0.0,0.0,0.0,0.0,0.88636880328656,0.9269128583139368,0.0,0.0,0.0,0.0,0.0,0.0,0.0,0.0,0.8354556465143635,0.8409684362339498,0.0,0.0,0.0,0.0,0.0,0.0
1999_RDhlH_Sxmp8,0.6401115522503648,0.5462899243304936,0.4036269821034646,0.441338219222143,0.0,0.0,0.0,0.0,0.0,0.0,0.9744807339891975,0.9633575906635804,0.8758731192129628,0.8836184895833331,0.0,0.0,0.0,0.0,0.0,0.0,0.6865430724951149,0.5680783040084701,0.708840468492951,0.7143682480987572,0.0,0.0,0.0,0.0,0.0,0.0,0.907636281610591,0.9413657292760996,0.602998106176496,0.6382903686693603,0.0,0.0,0.0,0.0,0.0,0.0,0.7755723867453421,0.7050126413021222,0.5462911284822122,0.5906798862434716,0.0,0.0,0.0,0.0,0.0,0.0
1025_9RzDloaFez4,0.0,0.0,0.0,0.0,0.0,0.0,0.0,0.0,0.0,0.0,0.0,0.0,0.0,0.0,0.0,0.0,0.0,0.0,0.0,0.0,0.0,0.0,0.0,0.0,0.0,0.0,0.0,0.0,0.0,0.0,0.0,0.0,0.0,0.0,0.0,0.0,0.0,0.0,0.0,0.0,0.0,0.0,0.0,0.0,0.0,0.0,0.0,0.0,0.0,0.0
2258_Gbwtw751iwM,0.3130511656676391,0.3223394564314815,0.6766159737213193,0.6686287333240254,0.0,0.0,0.0,0.0,0.0693493234278439,0.2273932099948114,0.9684594478738,0.9702841328017834,0.9937235082304524,0.9931608260459532,0.0,0.0,0.0,0.0,0.9536529637896825,0.9611202524862826,0.3689622321897359,0.3861361417008718,0.8098557505908889,0.795119046872427,0.0,0.0,0.0,0.0,0.9354968399180896,0.5157478121870341,0.7866869134161827,0.7443931810377705,0.7804187168190154,0.7890687074991795,0.0,0.0,0.0,0.0,0.0706364916753196,0.2738204081782559,0.4653963369929719,0.4789434320392142,0.7660763334606095,0.7622341200063231,0.0,0.0,0.0,0.0,0.1101730339913584,0.3500287721292644
270_ixjjQq2HkHU,0.0,0.0,0.2714105996436382,0.4118585909074576,0.0,0.0,0.0,0.0,0.0,0.0,0.0,0.0,0.9376609037422836,0.949312114197531,0.0,0.0,0.0,0.0,0.0,0.0,0.0,0.0,0.8775163574331774,0.8555509292614922,0.0,0.0,0.0,0.0,0.0,0.0,0.0,0.0,0.2807851896690361,0.4494523982211895,0.0,0.0,0.0,0.0,0.0,0.0,0.0,0.0,0.3985505480586793,0.5579391772630066,0.0,0.0,0.0,0.0,0.0,0.0
1149_z60YTIfa2gU,0.0,0.0,0.0,0.0,0.0,0.0,0.0,0.0,0.0,0.0,0.0,0.0,0.0,0.0,0.0,0.0,0.0,0.0,0.0,0.0,0.0,0.0,0.0,0.0,0.0,0.0,0.0,0.0,0.0,0.0,0.0,0.0,0.0,0.0,0.0,0.0,0.0,0.0,0.0,0.0,0.0,0.0,0.0,0.0,0.0,0.0,0.0,0.0,0.0,0.0
177_lCm15ZpJTRM,0.1993513477818934,0.224540971284573,0.3618631250450641,0.3987231702051398,0.0,0.0,0.7033902797787263,0.9038946858242856,0.0,0.0,0.9954899209104938,0.9967319155092592,0.9929206693672836,0.99399983121142,0.0,0.0,0.9515634181356836,0.9822850503895662,0.0,0.0,0.2533231998878851,0.2831339171196479,0.3943084027790143,0.4255047582081258,0.0,0.0,0.990579128808596,0.9243329962779449,0.0,0.0,0.43422495444215,0.43422495444215,0.8152700126240957,0.8534342742440748,0.0,0.0,0.7086919299549612,0.9762449902479524,0.0,0.0,0.2932377496195872,0.3243423874994767,0.5263774740348416,0.5659561880878129,0.0,0.0,0.7898170114312669,0.9488693476780014,0.0,0.0
483_O1CIONBJzbQ,0.0,0.0,0.3943973890203297,0.4575672392472893,0.0,0.0,0.0,0.0,0.0,0.0,0.0,0.0,0.8956365258487655,0.903264419367284,0.0,0.0,0.0,0.0,0.0,0.0,0.0,0.0,0.5612552028660941,0.5800979487825646,0.0,0.0,0.0,0.0,0.0,0.0,0.0,0.0,0.5468045775468546,0.640283641207151,0.0,0.0,0.0,0.0,0.0,0.0,0.0,0.0,0.5486671423778121,0.6064741707222941,0.0,0.0,0.0,0.0,0.0,0.0
984_dTp_RnzLbyA,0.0,0.0,0.0,0.0,0.0,0.0,0.0,0.0,0.0,0.0,0.0,0.0,0.0,0.0,0.0,0.0,0.0,0.0,0.0,0.0,0.0,0.0,0.0,0.0,0.0,0.0,0.0,0.0,0.0,0.0,0.0,0.0,0.0,0.0,0.0,0.0,0.0,0.0,0.0,0.0,0.0,0.0,0.0,0.0,0.0,0.0,0.0,0.0,0.0,0.0
1336_BB35ocRGazk,0.2654455586800775,0.2647865024870597,0.751316560624116,0.7649554569167898,0.0,0.0,0.0,0.0,0.0,0.0,0.9821579876922686,0.9819131454285572,0.993188151436956,0.9934587507589552,0.0,0.0,0.0,0.0,0.0,0.0,0.2683114005697731,0.2668867933241136,0.8663193570128874,0.8576111458265153,0.0,0.0,0.0,0.0,0.0,0.0,0.9608010464214396,0.9704432192186246,0.8519114003661056,0.8781178284957494,0.0,0.0,0.0,0.0,0.0,0.0,0.4191732262218754,0.418330451237194,0.8574110062337382,0.8662929601384157,0.0,0.0,0.0,0.0,0.0,0.0
269_iGXc-Dhv_T0,0.0,0.0,0.6708130309631932,0.8474282982772975,0.0,0.0,0.0,0.0,0.0,0.0,0.0,0.0,0.9324268663194444,0.9668910349151234,0.0,0.0,0.0,0.0,0.0,0.0,0.0,0.0,0.921319957861094,0.9056642432631212,0.0,0.0,0.0,0.0,0.0,0.0,0.0,0.0,0.7154429107432398,0.9300413010770738,0.0,0.0,0.0,0.0,0.0,0.0,0.0,0.0,0.7939360854645345,0.9169525030285336,0.0,0.0,0.0,0.0,0.0,0.0
586_iZeHmnpnlhY,0.5398613028790976,0.5577678911841687,0.5805444740603607,0.5911641118207492,0.0,0.0,0.0,0.0,0.0,0.0,0.9560331897290808,0.9564343492798356,0.8659646883573391,0.8700913601680386,0.0,0.0,0.0,0.0,0.0,0.0,0.6322266066879327,0.6240693840108564,0.5941303143125528,0.5999586015511033,0.0,0.0,0.0,0.0,0.0,0.0,0.7874885348851767,0.8386062869649883,0.964441547914316,0.9778686711119038,0.0,0.0,0.0,0.0,0.0,0.0,0.7001397948129497,0.7148388226283673,0.7329550772795687,0.7415287652002217,0.0,0.0,0.0,0.0,0.0,0.0
2024_0-Vh5l1SITI,0.6490530316083629,0.6228313592842577,0.6271069404225925,0.7273182668107586,0.0,0.0,0.0,0.0,0.0,0.0,0.9888818158436214,0.9865323002400552,0.9614673675411524,0.9736926118827158,0.0,0.0,0.0,0.0,0.0,0.0,0.807399017053596,0.7354559473648411,0.8277236765232371,0.8310414043773053,0.0,0.0,0.0,0.0,0.0,0.0,0.7645806123100429,0.8038979182058663,0.6864102541536249,0.8339261026105086,0.0,0.0,0.0,0.0,0.0,0.0,0.7837292687053771,0.7657238509471905,0.7328872984518365,0.8218626521495156,0.0,0.0,0.0,0.0,0.0,0.0
1607_bykjtPFkKEo,0.5206232712061707,0.5057942989793168,0.3701658318585845,0.3697885830782239,0.0,0.0,0.0,0.0,0.0,0.0,0.9931719292534724,0.992779405381944,0.9866949524542296,0.9864406762941916,0.0,0.0,0.0,0.0,0.0,0.0,0.6989481952714175,0.6864225334247832,0.4085841255130593,0.4021541743278305,0.0,0.0,0.0,0.0,0.0,0.0,0.6274790393069499,0.6175055212356342,0.840433801044744,0.8504146037200221,0.0,0.0,0.0,0.0,0.0,0.0,0.6533724685180204,0.6425975677708927,0.5331696309786554,0.5324496119285804,0.0,0.0,0.0,0.0,0.0,0.0
498_DStHFfxd_qo,0.0,0.0,0.9358926700604406,0.903428976188486,0.0,0.0,0.0,0.0,0.0,0.0,0.0,0.0,0.9923109675068588,0.9879491062242798,0.0,0.0,0.0,0.0,0.0,0.0,0.0,0.0,0.9488891900167522,0.9123916754959608,0.0,0.0,0.0,0.0,0.0,0.0,0.0,0.0,0.9856163009456026,0.9892644185638264,0.0,0.0,0.0,0.0,0.0,0.0,0.0,0.0,0.9668481488443064,0.9490153594144832,0.0,0.0,0.0,0.0,0.0,0.0
1248_0N8I1UrS8oA,0.0713349185757232,0.2316463974623719,0.0,0.0,0.0,0.0,0.0,0.0,0.0,0.0,0.9808811085390948,0.9839614411865572,0.0,0.0,0.0,0.0,0.0,0.0,0.0,0.0,0.4509254976033564,0.7510543944090768,0.0,0.0,0.0,0.0,0.0,0.0,0.0,0.0,0.0757527166059197,0.249962720154835,0.0,0.0,0.0,0.0,0.0,0.0,0.0,0.0,0.1212329410393024,0.3635233641410476,0.0,0.0,0.0,0.0,0.0,0.0,0.0,0.0
578_J7J5QmRaQCo,0.3773544475316512,0.3573358273813461,0.1802166303318082,0.1853608424043617,0.0,0.0,0.0,0.0,0.0,0.0,0.9441492091049384,0.9422379865397807,0.596683309756516,0.5984984139231824,0.0,0.0,0.0,0.0,0.0,0.0,0.3944439084804134,0.3704991476778349,0.2172175946159244,0.2222756997729753,0.0,0.0,0.0,0.0,0.0,0.0,0.9489239485775988,0.9681421578931908,0.5156900540463593,0.5300248420804899,0.0,0.0,0.0,0.0,0.0,0.0,0.4884373710291735,0.4697421397343125,0.3027975329074987,0.3104106098937051,0.0,0.0,0.0,0.0,0.0,0.0
476_mNnY0LY1Tq0,0.0,0.0,0.3700587618777349,0.3280933875048629,0.0,0.0,0.0,0.0,0.0,0.0,0.0,0.0,0.9601408023446834,0.957253273098367,0.0,0.0,0.0,0.0,0.0,0.0,0.0,0.0,0.3991207366765851,0.373401143820261,0.0,0.0,0.0,0.0,0.0,0.0,0.0,0.0,0.7571216753383189,0.6691059210932822,0.0,0.0,0.0,0.0,0.0,0.0,0.0,0.0,0.5145738537798947,0.4711375674705347,0.0,0.0,0.0,0.0,0.0,0.0
473_PWeWs8Uf9TA,0.4175304613225424,0.4581425138432961,0.0,0.0,0.0,0.0,0.0,0.0,0.0,0.0,0.9973541259765624,0.9976325480143228,0.0,0.0,0.0,0.0,0.0,0.0,0.0,0.0,0.6932920561768493,0.7413408489620238,0.0,0.0,0.0,0.0,0.0,0.0,0.0,0.0,0.4749874550152912,0.5162659437285614,0.0,0.0,0.0,0.0,0.0,0.0,0.0,0.0,0.5249982375745703,0.5772439996092497,0.0,0.0,0.0,0.0,0.0,0.0,0.0,0.0
